joined,filled,maximum_cidr,minimum_cidr,wait_months
2022-06-23T18:17:46.000Z,2023-09-29,22,22,15.2
2022-06-24T18:06:03.000Z,2023-09-29,22,22,15.2
2022-06-27T14:34:56.000Z,2023-09-29,23,23,15.1
2022-06-28T16:21:40.000Z,2023-09-29,23,23,15.0
2022-06-29T15:10:55.000Z,2023-09-29,22,22,15.0
2022-06-29T18:02:27.000Z,2023-09-29,22,22,15.0
2022-06-29T18:09:51.000Z,2023-09-29,23,23,15.0
2022-06-29T18:32:08.000Z,2023-09-29,24,24,15.0
2022-06-29T18:35:31.000Z,2023-09-29,22,23,15.0
2022-06-29T18:40:32.000Z,2023-09-29,22,22,15.0
2022-06-30T14:56:18.000Z,2023-09-29,22,22,15.0
2022-06-30T17:32:51.000Z,2023-09-29,22,22,15.0
2022-06-30T17:38:57.000Z,2023-09-29,22,22,15.0
2022-07-01T15:24:57.000Z,2023-09-29,22,22,14.9
2022-07-01T17:06:51.000Z,2023-09-29,23,23,14.9
2022-07-05T16:27:15.000Z,2023-09-29,22,22,14.8
2022-07-05T19:10:43.000Z,2023-09-29,24,24,14.8
2022-07-06T17:11:00.000Z,2023-09-29,24,24,14.8
2022-07-07T18:26:52.000Z,2023-09-29,22,22,14.7
2022-07-08T13:00:45.000Z,2023-09-29,24,24,14.7
2022-07-08T13:07:43.000Z,2023-09-29,22,22,14.7
2022-07-08T13:34:30.000Z,2023-09-29,24,24,14.7
2022-07-08T16:02:03.000Z,2023-09-29,24,24,14.7
2022-07-13T15:22:20.000Z,2023-09-29,24,24,14.5
2022-07-13T20:16:38.000Z,2023-09-29,24,24,14.5
2022-07-14T19:24:17.000Z,2023-09-29,24,24,14.5
2022-07-18T14:02:17.000Z,2023-09-29,24,24,14.4
2022-07-18T17:56:17.000Z,2023-09-29,24,24,14.4
2022-07-19T15:10:30.000Z,2023-09-29,24,24,14.3
2022-07-08T14:57:45.000Z,2023-12-19,22,22,17.4
2022-07-11T18:39:41.000Z,2023-12-19,22,22,17.3
2022-07-12T18:42:10.000Z,2023-12-19,22,22,17.2
2022-07-13T15:17:32.000Z,2023-12-19,22,22,17.2
2022-07-14T19:31:40.000Z,2023-12-19,22,22,17.2
2022-07-14T20:35:11.000Z,2023-12-19,22,22,17.2
2022-07-18T15:44:04.000Z,2023-12-19,22,22,17.0
2022-07-18T15:58:19.000Z,2023-12-19,22,22,17.0
2022-07-18T16:27:05.000Z,2023-12-19,22,22,17.0
2022-07-19T13:40:09.000Z,2023-12-19,22,22,17.0
2022-07-19T14:40:50.000Z,2023-12-19,22,22,17.0
2022-07-20T11:28:01.000Z,2023-12-19,24,24,17.0
2022-07-20T14:04:46.000Z,2023-12-19,22,22,17.0
2022-07-20T14:16:46.000Z,2023-12-19,24,24,17.0
2022-07-20T16:01:59.000Z,2023-12-19,24,24,17.0
2022-07-20T16:42:59.000Z,2023-12-19,24,24,17.0
2022-07-20T20:40:51.000Z,2023-12-19,22,22,17.0
2022-07-20T20:54:48.000Z,2023-12-19,24,24,17.0
2022-07-20T20:57:37.000Z,2023-12-19,24,24,17.0
2022-07-21T17:52:18.000Z,2023-12-19,24,24,16.9
2022-07-21T18:37:16.000Z,2023-12-19,24,24,16.9
2022-07-21T18:47:12.000Z,2023-12-19,23,23,16.9
2022-07-21T19:44:51.000Z,2023-12-19,22,22,16.9
2022-07-22T18:53:21.000Z,2023-12-19,22,22,16.9
2022-07-22T19:08:59.000Z,2023-12-19,22,22,16.9
2022-07-25T14:52:07.000Z,2023-12-19,22,22,16.8
2022-07-25T16:20:34.000Z,2023-12-19,22,22,16.8
2022-07-25T16:30:43.000Z,2023-12-19,22,22,16.8
2022-07-25T21:08:44.000Z,2023-12-19,24,24,16.8
2022-07-26T16:04:45.000Z,2023-12-19,24,24,16.8
2022-07-26T19:42:54.000Z,2023-12-19,22,22,16.8
2022-07-26T20:01:31.000Z,2023-12-19,24,24,16.8
2022-07-27T13:27:36.000Z,2023-12-19,24,24,16.7
2022-07-28T15:17:51.000Z,2023-12-19,22,22,16.7
2022-07-28T15:46:03.000Z,2023-12-19,22,22,16.7
2022-07-28T15:55:18.000Z,2023-12-19,22,22,16.7
2022-07-28T17:39:34.000Z,2023-12-19,24,24,16.7
2022-07-28T18:45:07.000Z,2023-12-19,22,22,16.7
2022-07-28T19:44:19.000Z,2023-12-19,24,24,16.7
2022-07-29T16:20:20.000Z,2023-12-19,22,22,16.7
2022-07-29T16:23:53.000Z,2023-12-19,23,23,16.7
2022-07-29T16:34:04.000Z,2023-12-19,22,22,16.7
2022-08-01T18:02:31.000Z,2023-12-19,22,22,16.6
2022-08-01T18:16:40.000Z,2023-12-19,22,22,16.6
2022-08-02T13:38:46.000Z,2023-12-19,24,24,16.5
2022-08-02T13:47:33.000Z,2023-12-19,24,24,16.5
2022-08-02T14:09:29.000Z,2023-12-19,22,22,16.5
2022-08-02T18:02:48.000Z,2023-12-19,23,23,16.5
2022-08-04T16:59:31.000Z,2023-12-19,24,24,16.5
2022-08-08T14:38:16.000Z,2023-12-19,24,24,16.3
2022-08-08T19:16:14.000Z,2023-12-19,24,24,16.3
2022-08-09T13:38:56.000Z,2023-12-19,22,24,16.3
2022-08-11T15:49:58.000Z,2023-12-19,24,24,16.2
2022-08-02T19:24:51.000Z,2024-04-04,23,23,20.0
2022-08-03T14:09:04.000Z,2024-04-04,22,22,20.0
2022-08-04T17:15:35.000Z,2024-04-04,22,22,20.0
2022-08-04T17:43:01.000Z,2024-04-04,22,22,20.0
2022-08-05T14:03:54.000Z,2024-04-04,22,22,20.0
2022-08-08T20:44:17.000Z,2024-04-04,23,23,19.8
2022-08-09T15:02:21.000Z,2024-04-04,22,22,19.8
2022-08-09T18:46:54.000Z,2024-04-04,22,22,19.8
2022-08-10T18:16:02.000Z,2024-04-04,22,22,19.8
2022-08-11T19:54:01.000Z,2024-04-04,24,24,19.8
2022-08-11T21:18:55.000Z,2024-04-04,24,24,19.7
2022-08-12T15:12:03.000Z,2024-04-04,22,22,19.7
2022-08-12T18:22:06.000Z,2024-04-04,22,22,19.7
2022-08-16T17:14:11.000Z,2024-04-04,22,22,19.6
2022-08-16T18:47:12.000Z,2024-04-04,22,22,19.6
2022-08-17T13:30:48.000Z,2024-04-04,24,24,19.6
2022-08-17T13:33:45.000Z,2024-04-04,22,22,19.6
2022-08-17T13:45:44.000Z,2024-04-04,22,24,19.6
2022-08-17T14:23:31.000Z,2024-04-04,22,22,19.6
2022-08-17T14:44:26.000Z,2024-04-04,22,22,19.6
2022-08-18T15:06:42.000Z,2024-04-04,23,23,19.5
2022-08-18T15:14:23.000Z,2024-04-04,24,24,19.5
2022-08-18T17:32:08.000Z,2024-04-04,24,24,19.5
2022-08-19T14:12:14.000Z,2024-04-04,22,22,19.5
2022-08-19T15:08:53.000Z,2024-04-04,22,22,19.5
2022-08-19T15:21:19.000Z,2024-04-04,24,24,19.5
2022-08-19T19:21:09.000Z,2024-04-04,22,22,19.5
2022-08-19T19:33:04.000Z,2024-04-04,22,24,19.5
2022-08-23T18:46:10.000Z,2024-04-04,23,24,19.4
2022-08-23T19:00:14.000Z,2024-04-04,24,24,19.4
2022-08-23T19:40:46.000Z,2024-04-04,22,22,19.4
2022-08-24T17:33:58.000Z,2024-04-04,24,24,19.3
2022-08-25T17:39:24.000Z,2024-04-04,22,22,19.3
2022-08-25T20:09:05.000Z,2024-04-04,24,24,19.3
2022-08-26T19:17:18.000Z,2024-04-04,22,22,19.3
2022-08-26T20:30:27.000Z,2024-04-04,24,24,19.3
2022-08-29T17:11:32.000Z,2024-04-04,22,22,19.2
2022-08-29T19:27:06.000Z,2024-04-04,22,22,19.2
2022-08-30T13:47:39.000Z,2024-04-04,24,24,19.1
2022-08-31T19:28:23.000Z,2024-04-04,24,24,19.1
2022-08-31T19:47:03.000Z,2024-04-04,24,24,19.1
2022-08-31T21:03:48.000Z,2024-04-04,22,22,19.1
2022-09-01T16:58:58.000Z,2024-04-04,22,22,19.1
2022-09-01T17:30:34.000Z,2024-04-04,24,24,19.1
2022-09-02T15:53:02.000Z,2024-04-04,24,24,19.0
2022-09-02T16:22:36.000Z,2024-04-04,22,22,19.0
2022-09-02T18:01:30.000Z,2024-04-04,23,23,19.0
2022-09-06T18:37:47.000Z,2024-04-04,22,22,18.9
2022-09-06T20:49:28.000Z,2024-04-04,22,24,18.9
2022-09-07T17:38:52.000Z,2024-04-04,22,22,18.9
2022-09-08T17:02:58.000Z,2024-04-04,22,22,18.8
2022-09-08T19:13:35.000Z,2024-04-04,22,22,18.8
2022-09-08T19:57:54.000Z,2024-04-04,23,23,18.8
2022-09-09T12:32:32.000Z,2024-04-04,22,22,18.8
2022-09-09T15:05:59.000Z,2024-04-04,22,22,18.8
2022-09-09T19:39:10.000Z,2024-04-04,22,22,18.8
2022-09-09T19:49:21.000Z,2024-04-04,24,24,18.8
2022-09-09T19:58:23.000Z,2024-04-04,22,22,18.8
2022-09-09T20:33:53.000Z,2024-04-04,24,24,18.8
2022-09-12T16:45:29.000Z,2024-04-04,23,24,18.7
2022-09-12T17:14:29.000Z,2024-04-04,22,22,18.7
2022-09-12T19:36:27.000Z,2024-04-04,24,24,18.7
2022-09-13T15:16:51.000Z,2024-04-04,23,23,18.7
2022-09-13T15:21:23.000Z,2024-04-04,22,22,18.7
2022-09-13T23:54:40.000Z,2024-04-04,24,24,18.7
2022-09-14T14:02:55.000Z,2024-04-04,24,24,18.6
2022-09-14T14:43:56.000Z,2024-04-04,24,24,18.6
2022-09-14T16:41:10.000Z,2024-04-04,22,22,18.6
2022-09-14T17:04:59.000Z,2024-04-04,24,24,18.6
2022-09-14T19:39:19.000Z,2024-04-04,22,22,18.6
2022-09-14T19:45:09.000Z,2024-04-04,24,24,18.6
2022-09-14T19:52:22.000Z,2024-04-04,22,22,18.6
2022-09-14T19:58:55.000Z,2024-04-04,22,22,18.6
2022-09-16T14:01:14.000Z,2024-04-04,22,22,18.6
2022-09-16T19:58:52.000Z,2024-04-04,23,23,18.6
2022-09-16T20:25:19.000Z,2024-04-04,22,22,18.6
2022-09-19T13:31:40.000Z,2024-04-04,22,22,18.5
2022-09-19T15:01:29.000Z,2024-04-04,22,22,18.5
2022-09-19T16:11:13.000Z,2024-04-04,24,24,18.5
2022-09-19T16:28:45.000Z,2024-04-04,22,22,18.5
2022-09-20T15:00:25.000Z,2024-04-04,22,22,18.4
2022-09-21T15:36:41.000Z,2024-04-04,24,24,18.4
2022-09-21T15:46:30.000Z,2024-04-04,22,22,18.4
2022-09-21T16:39:15.000Z,2024-04-04,24,24,18.4
2022-09-21T16:52:45.000Z,2024-04-04,24,24,18.4
2022-09-21T19:35:11.000Z,2024-04-04,24,24,18.4
2022-09-21T21:29:42.000Z,2024-04-04,24,24,18.4
2022-09-22T15:42:29.000Z,2024-04-04,24,24,18.4
2022-09-22T20:05:02.000Z,2024-04-04,24,24,18.4
2022-09-26T13:25:32.000Z,2024-04-04,24,24,18.2
2022-09-26T14:14:06.000Z,2024-04-04,24,24,18.2
2022-09-26T15:52:09.000Z,2024-04-04,22,22,18.2
2022-09-27T20:34:41.000Z,2024-04-04,22,22,18.2
2022-09-28T14:16:52.000Z,2024-04-04,24,24,18.2
2022-09-28T15:47:11.000Z,2024-04-04,22,22,18.2
2022-09-28T20:33:16.000Z,2024-04-04,22,22,18.2
2022-09-28T21:12:29.000Z,2024-04-04,22,22,18.2
2022-09-30T13:50:35.000Z,2024-04-04,22,22,18.1
2022-09-30T19:14:23.000Z,2024-04-04,22,22,18.1
2022-10-03T11:04:19.000Z,2024-04-04,22,22,18.0
2022-10-03T13:57:14.000Z,2024-04-04,23,23,18.0
2022-10-03T14:46:30.000Z,2024-04-04,22,22,18.0
2022-10-04T17:38:22.000Z,2024-04-04,22,22,18.0
2022-10-04T17:45:02.000Z,2024-04-04,23,23,18.0
2022-10-04T18:49:23.000Z,2024-04-04,24,24,18.0
2022-10-05T19:12:09.000Z,2024-04-04,22,22,17.9
2022-10-06T14:36:30.000Z,2024-04-04,24,24,17.9
2022-10-06T15:17:37.000Z,2024-04-04,24,24,17.9
2022-10-06T17:32:18.000Z,2024-04-04,24,24,17.9
2022-10-07T13:45:16.000Z,2024-04-04,22,22,17.9
2022-10-07T14:41:51.000Z,2024-04-04,24,24,17.9
2022-10-07T14:50:39.000Z,2024-04-04,24,24,17.9
2022-10-07T15:18:21.000Z,2024-04-04,22,22,17.9
2022-10-07T17:45:27.000Z,2024-04-04,22,22,17.9
2022-10-07T18:52:41.000Z,2024-04-04,24,24,17.9
2022-10-12T20:17:18.000Z,2024-04-04,22,22,17.7
2022-10-13T17:12:48.000Z,2024-04-04,22,22,17.7
2022-10-13T17:31:35.000Z,2024-04-04,24,24,17.7
2022-10-13T18:28:09.000Z,2024-04-04,22,22,17.7
2022-10-13T18:51:03.000Z,2024-04-04,22,22,17.7
2022-10-14T13:30:42.000Z,2024-04-04,22,22,17.7
2022-10-17T15:23:55.000Z,2024-04-04,22,22,17.6
2022-10-17T21:49:49.000Z,2024-04-04,23,23,17.5
2022-10-18T20:01:15.000Z,2024-04-04,24,24,17.5
2022-10-19T16:33:39.000Z,2024-04-04,22,22,17.5
2022-10-19T17:53:56.000Z,2024-04-04,22,22,17.5
2022-10-19T18:00:36.000Z,2024-04-04,22,22,17.5
2022-10-19T22:55:46.000Z,2024-04-04,24,24,17.5
2022-10-19T23:41:23.000Z,2024-04-04,22,22,17.5
2022-10-20T14:19:39.000Z,2024-04-04,22,22,17.5
2022-10-21T17:28:21.000Z,2024-04-04,23,23,17.4
2022-10-21T18:52:39.000Z,2024-04-04,24,24,17.4
2022-10-21T19:11:32.000Z,2024-04-04,24,24,17.4
2022-10-24T17:24:07.000Z,2024-04-04,22,22,17.3
2022-10-24T17:56:47.000Z,2024-04-04,22,22,17.3
2022-10-24T20:53:27.000Z,2024-04-04,22,22,17.3
2022-10-25T14:21:48.000Z,2024-04-04,22,22,17.3
2022-10-25T14:42:42.000Z,2024-04-04,23,23,17.3
2022-10-25T15:38:33.000Z,2024-04-04,22,22,17.3
2022-10-25T15:39:29.000Z,2024-04-04,24,24,17.3
2022-10-26T13:45:20.000Z,2024-04-04,23,23,17.3
2022-10-26T19:49:52.000Z,2024-04-04,23,23,17.3
2022-10-26T20:15:54.000Z,2024-04-04,24,24,17.3
2022-10-28T18:16:47.000Z,2024-04-04,22,22,17.2
2022-10-28T20:40:35.000Z,2024-04-04,22,22,17.2
2022-10-28T20:48:39.000Z,2024-04-04,22,22,17.2
2022-10-31T16:57:47.000Z,2024-04-04,24,24,17.1
2022-10-31T18:31:45.000Z,2024-04-04,22,22,17.1
2022-10-31T20:39:30.000Z,2024-04-04,24,24,17.1
2022-11-01T17:30:23.000Z,2024-04-04,24,24,17.1
2022-11-01T20:35:07.000Z,2024-04-04,23,24,17.1
2022-11-02T19:22:51.000Z,2024-04-04,24,24,17.0
2022-11-03T10:43:41.000Z,2024-04-04,24,24,17.0
2022-11-04T12:05:12.000Z,2024-04-04,23,23,17.0
2022-11-07T18:01:19.000Z,2024-04-04,24,24,16.9
2022-11-07T18:33:42.000Z,2024-04-04,22,22,16.9
2022-11-07T20:02:09.000Z,2024-04-04,22,22,16.9
2022-11-08T15:13:15.000Z,2024-04-04,24,24,16.8
2022-11-08T16:26:48.000Z,2024-04-04,24,24,16.8
2022-11-08T18:36:48.000Z,2024-04-04,22,22,16.8
2022-11-08T18:42:19.000Z,2024-04-04,24,24,16.8
2022-11-10T18:22:50.000Z,2024-04-04,24,24,16.8
2022-11-10T18:32:39.000Z,2024-04-04,22,24,16.8
2022-11-10T19:15:18.000Z,2024-04-04,22,22,16.8
2022-11-14T14:32:54.000Z,2024-04-04,22,22,16.6
2022-11-14T15:48:45.000Z,2024-04-04,24,24,16.6
2022-11-15T15:29:00.000Z,2024-04-04,22,22,16.6
2022-11-15T18:37:25.000Z,2024-04-04,24,24,16.6
2022-11-15T18:48:00.000Z,2024-04-04,24,24,16.6
2022-11-15T18:57:49.000Z,2024-04-04,22,22,16.6
2022-11-17T14:38:36.000Z,2024-04-04,22,22,16.5
2022-11-17T16:28:05.000Z,2024-04-04,22,22,16.5
2022-11-17T16:33:35.000Z,2024-04-04,24,24,16.5
2022-11-17T17:36:58.000Z,2024-04-04,24,24,16.5
2022-11-17T18:20:42.000Z,2024-04-04,22,23,16.5
2022-11-21T16:06:44.000Z,2024-04-04,22,22,16.4
2022-11-21T18:23:12.000Z,2024-04-04,22,22,16.4
2022-11-21T18:38:20.000Z,2024-04-04,24,24,16.4
2022-11-21T19:40:12.000Z,2024-04-04,24,24,16.4
2022-11-21T22:00:55.000Z,2024-04-04,24,24,16.4
2022-11-23T18:15:30.000Z,2024-04-04,22,22,16.3
2022-11-29T14:27:42.000Z,2024-04-04,24,24,16.1
2022-11-29T14:34:39.000Z,2024-04-04,22,22,16.1
2022-11-29T15:47:54.000Z,2024-04-04,22,22,16.1
2022-11-29T15:56:12.000Z,2024-04-04,24,24,16.1
2022-11-29T16:55:31.000Z,2024-04-04,22,22,16.1
2022-11-29T18:36:19.000Z,2024-04-04,24,24,16.1
2022-11-29T21:16:29.000Z,2024-04-04,24,24,16.1
2022-11-30T21:09:11.000Z,2024-04-04,24,24,16.1
2022-11-30T22:17:00.000Z,2024-04-04,24,24,16.1
2022-12-01T19:00:04.000Z,2024-04-04,24,24,16.1
2022-12-01T21:23:34.000Z,2024-04-04,22,22,16.1
2022-12-01T22:04:02.000Z,2024-04-04,24,24,16.1
2022-12-02T18:27:36.000Z,2024-04-04,24,24,16.0
2022-12-02T19:14:46.000Z,2024-04-04,24,24,16.0
2022-12-02T19:24:55.000Z,2024-04-04,22,22,16.0
2022-12-02T20:20:32.000Z,2024-04-04,24,24,16.0
2022-12-05T16:39:48.000Z,2024-04-04,24,24,15.9
2022-12-05T19:37:58.000Z,2024-04-04,23,23,15.9
2022-12-06T18:25:23.000Z,2024-04-04,22,22,15.9
2022-12-06T18:38:01.000Z,2024-04-04,22,22,15.9
2022-12-07T13:48:19.000Z,2024-04-04,24,24,15.9
2022-12-08T15:28:32.000Z,2024-04-04,24,24,15.8
2022-08-31T15:11:39.687Z,2024-06-26,24,24,21.8
2022-09-12T22:55:23.093Z,2024-06-26,24,24,21.4
2022-10-03T11:26:59.188Z,2024-06-26,22,22,20.7
2022-10-04T11:28:39.053Z,2024-06-26,23,23,20.7
2022-12-06T19:29:13.638Z,2024-06-26,22,22,18.6
2022-12-07T15:41:21.201Z,2024-06-26,22,22,18.6
2022-12-07T15:47:06.482Z,2024-06-26,22,22,18.6
2022-12-07T16:32:36.553Z,2024-06-26,23,23,18.6
2022-12-08T16:46:37.095Z,2024-06-26,24,24,18.6
2022-12-09T13:48:16.597Z,2024-06-26,22,22,18.5
2022-12-09T17:01:48.256Z,2024-06-26,22,22,18.5
2022-12-12T18:13:00.880Z,2024-06-26,24,24,18.4
2022-12-12T19:45:03.395Z,2024-06-26,22,22,18.4
2022-12-12T20:07:13.496Z,2024-06-26,22,22,18.4
2022-12-13T21:25:52.278Z,2024-06-26,22,23,18.4
2022-12-14T15:05:54.834Z,2024-06-26,22,22,18.4
2022-12-15T15:28:03.881Z,2024-06-26,22,22,18.3
2022-12-16T16:12:02.007Z,2024-06-26,22,22,18.3
2022-12-16T17:50:44.277Z,2024-06-26,23,23,18.3
2022-12-19T20:20:13.750Z,2024-06-26,22,22,18.2
2022-12-21T16:06:32.526Z,2024-06-26,22,22,18.1
2022-12-22T21:52:05.490Z,2024-06-26,22,22,18.1
2022-12-27T19:10:46.834Z,2024-06-26,23,23,17.9
2022-12-27T20:20:21.829Z,2024-06-26,24,24,17.9
2022-12-27T21:41:36.905Z,2024-06-26,22,22,17.9
2022-12-28T15:23:52.070Z,2024-06-26,22,22,17.9
2022-12-29T03:52:02.161Z,2024-06-26,24,24,17.9
2022-12-29T16:44:08.810Z,2024-06-26,24,24,17.9
2022-12-29T19:47:45.737Z,2024-06-26,22,23,17.9
2022-12-30T18:46:37.343Z,2024-06-26,22,22,17.8
2022-12-30T18:51:59.112Z,2024-06-26,22,22,17.8
2022-12-30T20:25:45.659Z,2024-06-26,24,24,17.8
2022-12-30T20:43:57.105Z,2024-06-26,24,24,17.8
2023-01-03T16:53:23.615Z,2024-06-26,24,24,17.7
2023-01-03T17:10:58.377Z,2024-06-26,22,23,17.7
2023-01-03T17:15:08.322Z,2024-06-26,22,22,17.7
2023-01-04T15:08:23.197Z,2024-06-26,22,22,17.7
2023-01-05T20:22:54.367Z,2024-06-26,24,24,17.6
2023-01-06T19:40:53.907Z,2024-06-26,24,24,17.6
2023-01-06T20:59:14.601Z,2024-06-26,24,24,17.6
2023-01-06T21:45:03.127Z,2024-06-26,22,22,17.6
2023-01-09T15:22:32.198Z,2024-06-26,22,22,17.5
2023-01-09T15:28:20.892Z,2024-06-26,22,24,17.5
2023-01-09T19:44:31.976Z,2024-06-26,24,24,17.5
2023-01-10T15:16:29.174Z,2024-06-26,22,22,17.5
2023-01-10T15:33:04.873Z,2024-06-26,22,22,17.5
2023-01-10T19:17:09.395Z,2024-06-26,22,22,17.5
2023-01-11T19:53:15.330Z,2024-06-26,24,24,17.5
2023-01-13T15:05:44.150Z,2024-06-26,24,24,17.4
2023-01-17T15:57:20.988Z,2024-06-26,24,24,17.3
2023-01-17T19:35:24.294Z,2024-06-26,24,24,17.3
2023-01-18T13:25:14.883Z,2024-06-26,22,22,17.2
2023-01-18T19:26:08.313Z,2024-06-26,24,24,17.2
2023-01-18T20:19:39.331Z,2024-06-26,22,22,17.2
2023-01-19T16:43:59.294Z,2024-06-26,22,22,17.2
2023-01-20T20:41:06.694Z,2024-06-26,24,24,17.2
2023-01-20T21:01:43.687Z,2024-06-26,22,22,17.2
2023-01-20T22:46:32.433Z,2024-06-26,22,22,17.2
2023-01-23T14:07:01.128Z,2024-06-26,24,24,17.1
2023-01-23T14:38:02.114Z,2024-06-26,23,23,17.1
2023-01-23T14:41:30.312Z,2024-06-26,24,24,17.1
2023-01-23T15:38:47.883Z,2024-06-26,24,24,17.1
2023-01-23T15:42:23.649Z,2024-06-26,22,22,17.1
2023-01-24T19:15:43.681Z,2024-06-26,24,24,17.0
2023-01-26T16:12:57.802Z,2024-06-26,22,24,17.0
2023-01-27T21:23:29.167Z,2024-06-26,22,22,16.9
2023-01-30T14:37:38.478Z,2024-06-26,22,22,16.8
2023-01-30T14:45:31.939Z,2024-06-26,23,24,16.8
2023-01-30T15:39:04.926Z,2024-06-26,24,24,16.8
2023-01-30T16:01:47.883Z,2024-06-26,22,24,16.8
2023-01-30T19:27:42.215Z,2024-06-26,22,22,16.8
2023-01-30T20:30:06.080Z,2024-06-26,24,24,16.8
2023-01-31T14:35:47.345Z,2024-06-26,22,22,16.8
2023-01-31T17:06:28.000Z,2024-10-04,22,22,20.1
2023-02-01T15:33:21.000Z,2024-10-04,24,24,20.1
2023-02-01T16:09:55.000Z,2024-10-04,22,22,20.1
2023-02-02T16:15:08.000Z,2024-10-04,22,22,20.0
2023-02-02T17:52:15.000Z,2024-10-04,24,24,20.0
2023-02-02T20:09:03.000Z,2024-10-04,24,24,20.0
2023-02-03T14:06:30.000Z,2024-10-04,24,24,20.0
2023-02-03T14:45:24.000Z,2024-10-04,23,24,20.0
2023-02-03T15:07:45.000Z,2024-10-04,24,24,20.0
2023-02-03T19:25:13.000Z,2024-10-04,24,24,20.0
2023-02-03T22:17:21.000Z,2024-10-04,23,23,20.0
2023-02-03T22:20:11.000Z,2024-10-04,24,24,20.0
2023-02-03T22:22:53.000Z,2024-10-04,22,22,20.0
2023-02-06T16:46:44.000Z,2024-10-04,22,22,19.9
2023-02-07T16:05:28.000Z,2024-10-04,24,24,19.9
2023-02-07T19:53:19.000Z,2024-10-04,23,23,19.8
2023-02-07T20:01:28.000Z,2024-10-04,22,22,19.8
2023-02-07T20:04:09.000Z,2024-10-04,24,24,19.8
2023-02-08T16:39:47.000Z,2024-10-04,22,22,19.8
2023-02-08T18:52:01.000Z,2024-10-04,24,24,19.8
2023-02-08T19:50:12.000Z,2024-10-04,24,24,19.8
2023-02-09T17:04:50.000Z,2024-10-04,24,24,19.8
2023-02-10T16:32:21.000Z,2024-10-04,22,22,19.8
2023-02-10T16:37:00.000Z,2024-10-04,24,24,19.8
2023-02-13T14:24:04.000Z,2024-10-04,22,22,19.7
2023-02-13T15:20:38.000Z,2024-10-04,24,24,19.7
2023-02-13T15:31:00.000Z,2024-10-04,22,22,19.7
2023-02-13T18:43:44.000Z,2024-10-04,22,22,19.7
2023-02-13T19:50:58.000Z,2024-10-04,22,22,19.7
2023-02-15T14:22:13.000Z,2024-10-04,23,23,19.6
2023-02-16T12:40:18.000Z,2024-10-04,22,22,19.6
2023-02-16T13:00:04.000Z,2024-10-04,22,22,19.6
2023-02-16T13:17:27.000Z,2024-10-04,24,24,19.6
2023-02-16T19:15:15.000Z,2024-10-04,22,22,19.6
2023-02-16T21:36:19.000Z,2024-10-04,24,24,19.6
2023-02-21T17:10:19.000Z,2024-10-04,22,23,19.4
2023-02-21T18:57:10.000Z,2024-10-04,24,24,19.4
2023-02-21T19:57:05.000Z,2024-10-04,23,23,19.4
2023-02-22T16:01:13.000Z,2024-10-04,22,22,19.4
2023-02-22T17:46:05.000Z,2024-10-04,22,22,19.4
2023-02-22T20:11:25.000Z,2024-10-04,24,24,19.4
2023-02-22T21:25:38.000Z,2024-10-04,24,24,19.4
2023-02-23T15:04:18.000Z,2024-10-04,24,24,19.3
2023-02-23T17:01:42.000Z,2024-10-04,24,24,19.3
2023-02-23T19:44:47.000Z,2024-10-04,22,22,19.3
2023-02-24T19:04:01.000Z,2024-10-04,22,22,19.3
2023-02-27T22:26:05.000Z,2024-10-04,22,22,19.2
2023-02-28T16:30:13.000Z,2024-10-04,24,24,19.2
2023-02-28T19:21:51.000Z,2024-10-04,22,22,19.2
2023-02-28T20:38:51.000Z,2024-10-04,22,22,19.2
2023-03-01T20:13:11.000Z,2024-10-04,22,22,19.1
2023-03-01T21:18:17.000Z,2024-10-04,23,23,19.1
2023-03-02T16:14:36.000Z,2024-10-04,22,22,19.1
2023-03-02T19:17:21.000Z,2024-10-04,22,22,19.1
2023-03-02T20:59:06.000Z,2024-10-04,22,22,19.1
2023-03-02T22:13:18.000Z,2024-10-04,22,22,19.1
2023-03-03T16:57:08.000Z,2024-10-04,24,24,19.1
2023-03-06T15:46:50.000Z,2024-10-04,24,24,19.0
2023-03-06T16:11:42.000Z,2024-10-04,24,24,19.0
2023-03-06T16:46:48.000Z,2024-10-04,22,22,19.0
2023-03-06T20:09:18.000Z,2024-10-04,23,23,19.0
2023-03-06T21:58:46.000Z,2024-10-04,22,22,19.0
2023-03-06T22:18:32.000Z,2024-10-04,23,24,19.0
2023-03-07T20:15:23.000Z,2024-10-04,22,22,18.9
2023-03-08T14:58:39.000Z,2024-10-04,22,22,18.9
2023-03-08T16:00:12.000Z,2024-10-04,22,22,18.9
2023-03-08T19:02:12.000Z,2024-10-04,24,24,18.9
2023-03-09T14:39:46.000Z,2024-10-04,24,24,18.9
2023-03-09T15:24:59.000Z,2024-10-04,22,22,18.9
2023-03-09T16:04:57.000Z,2024-10-04,22,22,18.9
2023-03-09T17:22:32.000Z,2024-10-04,24,24,18.9
2023-03-09T19:36:08.000Z,2024-10-04,23,23,18.9
2023-03-09T20:07:16.000Z,2024-10-04,22,22,18.9
2023-03-13T15:15:43.000Z,2024-10-04,22,22,18.7
2023-03-13T16:15:57.000Z,2024-10-04,22,22,18.7
2023-03-13T20:16:35.000Z,2024-10-04,22,22,18.7
2023-03-14T13:04:06.000Z,2024-10-04,22,22,18.7
2023-03-14T15:33:11.000Z,2024-10-04,24,24,18.7
2023-03-14T15:42:29.000Z,2024-10-04,22,22,18.7
2023-03-14T17:46:26.000Z,2024-10-04,24,24,18.7
2023-03-15T11:51:34.000Z,2024-10-04,24,24,18.7
2023-03-16T14:34:42.000Z,2024-10-04,22,22,18.6
2023-03-16T15:40:27.000Z,2024-10-04,22,22,18.6
2023-03-16T18:24:03.000Z,2024-10-04,22,22,18.6
2023-03-17T17:49:50.000Z,2024-10-04,22,22,18.6
2023-03-17T19:52:18.000Z,2024-10-04,22,22,18.6
2023-03-20T16:03:23.000Z,2024-10-04,24,24,18.5
2023-03-22T14:09:56.000Z,2024-10-04,24,24,18.4
2023-03-22T15:45:55.000Z,2024-10-04,22,22,18.4
2023-03-22T16:34:59.000Z,2024-10-04,23,23,18.4
2023-03-22T19:43:18.000Z,2024-10-04,22,22,18.4
2023-03-24T16:19:46.000Z,2024-10-04,22,22,18.4
2023-03-24T18:05:49.000Z,2024-10-04,22,22,18.4
2023-03-27T15:07:58.000Z,2024-10-04,22,22,18.3
2023-03-28T17:02:08.000Z,2024-10-04,22,22,18.2
2023-03-28T17:44:59.000Z,2024-10-04,22,22,18.2
2023-03-28T19:10:09.000Z,2024-10-04,22,22,18.2
2023-03-29T01:59:17.000Z,2024-10-04,23,23,18.2
2023-03-29T18:12:58.000Z,2024-10-04,24,24,18.2
2023-03-29T18:34:32.000Z,2024-10-04,23,23,18.2
2023-03-30T16:09:52.000Z,2024-10-04,24,24,18.2
2023-03-30T18:44:58.000Z,2024-10-04,24,24,18.2
2023-03-30T20:10:33.000Z,2024-10-04,24,24,18.2
2023-03-31T18:56:39.000Z,2024-10-04,24,24,18.1
2023-04-04T17:12:15.000Z,2024-10-04,22,22,18.0
2023-04-05T13:58:33.000Z,2024-10-04,24,24,18.0
2023-04-05T21:35:49.000Z,2024-10-04,22,22,18.0
2023-04-06T16:07:44.000Z,2024-10-04,22,22,17.9
2023-04-06T21:21:29.000Z,2024-10-04,22,22,17.9
2023-04-06T21:41:24.000Z,2024-10-04,24,24,17.9
2023-04-06T21:46:55.000Z,2024-10-04,23,23,17.9
2023-04-07T13:26:54.000Z,2024-10-04,24,24,17.9
2023-04-07T14:32:37.000Z,2024-10-04,22,22,17.9
2023-04-07T16:20:54.000Z,2024-10-04,22,22,17.9
2023-04-10T12:14:42.000Z,2024-10-04,22,22,17.8
2023-04-10T16:04:17.000Z,2024-10-04,22,22,17.8
2023-04-10T19:08:29.000Z,2024-10-04,23,23,17.8
2023-04-14T18:24:22.000Z,2024-10-04,24,24,17.7
2023-04-10T17:19:21.000Z,2024-12-26,22,22,20.5
2023-04-11T17:18:45.000Z,2024-12-26,22,22,20.5
2023-04-11T18:51:29.000Z,2024-12-26,22,22,20.5
2023-04-11T19:53:16.000Z,2024-12-26,22,22,20.5
2023-04-12T17:30:56.000Z,2024-12-26,22,22,20.5
2023-04-12T19:19:28.000Z,2024-12-26,22,22,20.5
2023-04-13T18:07:50.000Z,2024-12-26,22,22,20.4
2023-04-13T18:16:10.000Z,2024-12-26,22,22,20.4
2023-04-14T16:00:38.000Z,2024-12-26,22,22,20.4
2023-04-14T17:47:09.000Z,2024-12-26,22,22,20.4
2023-04-17T16:39:38.000Z,2024-12-26,22,22,20.3
2023-04-17T20:15:10.000Z,2024-12-26,24,24,20.3
2023-04-20T17:41:17.000Z,2024-12-26,22,22,20.2
2023-04-21T18:17:19.000Z,2024-12-26,22,22,20.2
2023-04-21T19:01:06.000Z,2024-12-26,24,24,20.2
2023-04-25T15:13:28.000Z,2024-12-26,24,24,20.1
2023-04-25T18:37:06.000Z,2024-12-26,22,22,20.0
2023-04-26T13:43:45.000Z,2024-12-26,24,24,20.0
2023-04-26T16:47:44.000Z,2024-12-26,22,22,20.0
2023-04-26T20:50:22.000Z,2024-12-26,24,24,20.0
2023-04-26T20:59:41.000Z,2024-12-26,22,22,20.0
2023-04-27T17:53:18.000Z,2024-12-26,24,24,20.0
2023-04-27T19:31:30.000Z,2024-12-26,22,22,20.0
2023-04-27T21:44:47.000Z,2024-12-26,22,22,20.0
2023-04-28T18:06:21.000Z,2024-12-26,23,23,20.0
2023-05-01T15:06:58.000Z,2024-12-26,22,22,19.9
2023-05-02T11:56:49.000Z,2024-12-26,24,24,19.8
2023-05-03T12:37:19.000Z,2024-12-26,24,24,19.8
2023-05-03T17:07:02.000Z,2024-12-26,23,23,19.8
2023-05-05T14:52:11.000Z,2024-12-26,24,24,19.7
2023-05-05T15:28:23.000Z,2024-12-26,22,22,19.7
2023-05-05T16:16:25.000Z,2024-12-26,24,24,19.7
2023-05-05T19:06:13.000Z,2024-12-26,23,23,19.7
2023-05-05T19:16:25.000Z,2024-12-26,24,24,19.7
2023-05-08T19:13:53.000Z,2024-12-26,22,22,19.6
2023-05-08T19:44:04.000Z,2024-12-26,24,24,19.6
2023-05-09T15:26:26.000Z,2024-12-26,24,24,19.6
2023-05-09T17:52:35.000Z,2024-12-26,24,24,19.6
2023-05-09T17:56:20.000Z,2024-12-26,22,22,19.6
2023-05-09T18:28:07.000Z,2024-12-26,22,22,19.6
2023-05-09T18:31:50.000Z,2024-12-26,24,24,19.6
2023-05-09T21:54:23.000Z,2024-12-26,22,22,19.6
2023-05-10T15:12:31.000Z,2024-12-26,24,24,19.6
2023-05-10T16:18:14.000Z,2024-12-26,22,22,19.6
2023-05-11T21:22:02.000Z,2024-12-26,24,24,19.5
2023-05-11T22:28:15.000Z,2024-12-26,23,23,19.5
2023-05-12T17:12:22.000Z,2024-12-26,24,24,19.5
2023-05-12T21:59:57.000Z,2024-12-26,22,22,19.5
2023-05-12T22:21:01.000Z,2024-12-26,23,23,19.5
2023-05-15T22:43:15.000Z,2024-12-26,24,24,19.4
2023-05-15T23:06:14.000Z,2024-12-26,24,24,19.4
2023-05-16T21:51:21.000Z,2024-12-26,22,22,19.4
2023-05-17T16:46:24.000Z,2024-12-26,24,24,19.3
2023-05-17T18:13:54.000Z,2024-12-26,22,22,19.3
2023-05-18T17:09:26.000Z,2024-12-26,24,24,19.3
2023-05-18T17:40:17.000Z,2024-12-26,22,22,19.3
2023-05-18T18:22:01.000Z,2024-12-26,24,24,19.3
2023-05-19T14:48:10.000Z,2024-12-26,24,24,19.3
2023-05-19T18:16:38.000Z,2024-12-26,24,24,19.3
2023-05-22T12:59:17.000Z,2024-12-26,24,24,19.2
2023-05-23T17:28:23.000Z,2024-12-26,24,24,19.1
2023-05-24T16:48:43.000Z,2024-12-26,24,24,19.1
2023-05-25T12:15:03.000Z,2024-12-26,24,24,19.1
2023-05-25T17:51:07.000Z,2024-12-26,24,24,19.1
2023-05-31T17:36:50.000Z,2024-12-26,24,24,18.9
2023-05-31T17:58:33.000Z,2024-12-26,24,24,18.9
2023-05-31T20:10:09.000Z,2024-12-26,24,24,18.9
2023-06-02T15:02:56.000Z,2024-12-26,24,24,18.8
2023-06-02T15:37:00.000Z,2024-12-26,24,24,18.8
2023-05-19T15:30:56.000Z,2025-04-03,23,23,22.5
2023-05-19T16:50:52.000Z,2025-04-03,22,22,22.5
2023-05-22T20:35:26.000Z,2025-04-03,22,22,22.4
2023-05-22T22:49:16.000Z,2025-04-03,22,22,22.4
2023-05-23T15:22:29.000Z,2025-04-03,22,22,22.4
2023-05-23T18:30:44.000Z,2025-04-03,22,22,22.3
2023-05-30T16:28:22.000Z,2025-04-03,22,22,22.1
2023-05-31T15:51:10.000Z,2025-04-03,22,22,22.1
2023-05-31T18:38:20.000Z,2025-04-03,22,22,22.1
2023-05-31T18:53:31.000Z,2025-04-03,22,22,22.1
2023-06-02T18:31:22.000Z,2025-04-03,24,24,22.0
2023-06-02T18:36:17.000Z,2025-04-03,22,22,22.0
2023-06-05T15:38:47.000Z,2025-04-03,23,23,21.9
2023-06-05T15:45:59.000Z,2025-04-03,22,22,21.9
2023-06-05T16:19:59.000Z,2025-04-03,22,22,21.9
2023-06-06T12:01:26.000Z,2025-04-03,24,24,21.9
2023-06-06T18:02:09.000Z,2025-04-03,22,22,21.9
2023-06-07T19:11:08.000Z,2025-04-03,24,24,21.9
2023-06-07T19:24:27.000Z,2025-04-03,22,22,21.9
2023-06-08T17:11:58.000Z,2025-04-03,23,23,21.8
2023-06-09T16:01:54.000Z,2025-04-03,24,24,21.8
2023-06-12T18:59:26.000Z,2025-04-03,24,24,21.7
2023-06-13T17:42:21.000Z,2025-04-03,22,22,21.7
2023-06-15T18:22:10.000Z,2025-04-03,24,24,21.6
2023-06-16T15:18:35.000Z,2025-04-03,22,22,21.6
2023-06-20T22:56:06.000Z,2025-04-03,23,23,21.4
2023-06-21T11:43:24.000Z,2025-04-03,24,24,21.4
2023-06-21T16:58:04.000Z,2025-04-03,22,22,21.4
2023-06-22T22:30:49.000Z,2025-04-03,24,24,21.4
2023-06-23T22:18:05.000Z,2025-04-03,24,24,21.3
2023-06-26T15:46:11.000Z,2025-04-03,22,22,21.2
2023-06-26T15:57:01.000Z,2025-04-03,24,24,21.2
2023-06-26T17:54:12.000Z,2025-04-03,23,23,21.2
2023-06-26T18:02:57.000Z,2025-04-03,24,24,21.2
2023-06-26T22:26:55.000Z,2025-04-03,24,24,21.2
2023-06-26T22:47:18.000Z,2025-04-03,24,24,21.2
2023-06-27T14:30:29.000Z,2025-04-03,24,24,21.2
2023-06-28T16:17:31.000Z,2025-04-03,24,24,21.2
2023-06-28T17:35:24.000Z,2025-04-03,24,24,21.2
2023-06-28T19:33:21.000Z,2025-04-03,22,22,21.2
2023-06-29T18:16:13.000Z,2025-04-03,24,24,21.1
2023-06-29T21:38:10.000Z,2025-04-03,24,24,21.1
2023-06-30T19:59:21.000Z,2025-04-03,22,22,21.1
2023-06-30T20:06:46.000Z,2025-04-03,22,22,21.1
2023-07-05T17:17:37.000Z,2025-04-03,24,24,20.9
2023-07-05T19:50:22.000Z,2025-04-03,24,24,20.9
2023-07-05T21:58:02.000Z,2025-04-03,22,22,20.9
2023-07-05T22:36:57.000Z,2025-04-03,22,22,20.9
2023-07-06T14:37:02.000Z,2025-04-03,22,22,20.9
2023-07-06T14:50:30.000Z,2025-04-03,23,23,20.9
2023-07-06T18:07:56.000Z,2025-04-03,22,22,20.9
2023-07-07T20:11:22.000Z,2025-04-03,24,24,20.9
2023-07-07T20:23:32.000Z,2025-04-03,24,24,20.9
2023-07-07T22:02:01.000Z,2025-04-03,22,24,20.9
2023-07-10T14:55:52.000Z,2025-04-03,22,22,20.8
2023-07-10T18:02:11.000Z,2025-04-03,24,24,20.8
2023-07-10T18:14:12.000Z,2025-04-03,22,22,20.8
2023-07-10T18:47:58.000Z,2025-04-03,24,24,20.8
2023-07-11T18:14:31.000Z,2025-04-03,22,22,20.7
2023-07-11T19:00:16.000Z,2025-04-03,24,24,20.7
2023-07-11T22:49:51.000Z,2025-04-03,22,22,20.7
2023-07-12T19:24:58.000Z,2025-04-03,24,24,20.7
2023-07-13T16:34:41.000Z,2025-04-03,22,22,20.7
2023-07-13T18:03:34.000Z,2025-04-03,22,22,20.7
2023-07-13T18:32:10.000Z,2025-04-03,22,22,20.7
2023-07-13T18:46:30.000Z,2025-04-03,22,22,20.7
2023-07-13T20:09:12.000Z,2025-04-03,23,23,20.7
2023-07-14T13:14:53.000Z,2025-04-03,24,24,20.6
2023-07-18T21:00:32.000Z,2025-04-03,24,24,20.5
2023-07-19T16:28:42.000Z,2025-04-03,23,23,20.5
2023-07-20T17:34:40.000Z,2025-04-03,24,24,20.4
2023-07-21T14:40:11.000Z,2025-04-03,24,24,20.4
2023-07-21T18:44:32.000Z,2025-04-03,22,22,20.4
2023-07-24T17:45:14.000Z,2025-04-03,22,22,20.3
2023-07-25T17:31:23.000Z,2025-04-03,23,23,20.3
2023-07-25T19:10:57.000Z,2025-04-03,24,24,20.3
2023-07-25T19:58:55.000Z,2025-04-03,24,24,20.3
2023-07-26T14:48:43.000Z,2025-04-03,24,24,20.3
2023-07-26T20:02:59.000Z,2025-04-03,22,22,20.2
2023-07-26T20:24:19.000Z,2025-04-03,22,22,20.2
2023-07-28T15:28:44.000Z,2025-04-03,22,22,20.2
2023-07-31T14:13:18.000Z,2025-04-03,24,24,20.1
2023-07-31T18:23:01.000Z,2025-04-03,24,24,20.1
2023-08-02T19:28:28.000Z,2025-04-03,23,23,20.0
2023-08-04T18:16:11.000Z,2025-04-03,24,24,20.0
2023-08-07T22:13:30.000Z,2025-04-03,24,24,19.8
2023-08-08T17:15:40.000Z,2025-04-03,24,24,19.8
2023-08-09T15:46:10.000Z,2025-04-03,24,24,19.8
2023-08-09T16:24:47.000Z,2025-04-03,24,24,19.8
2023-08-09T18:04:02.000Z,2025-04-03,24,24,19.8
2023-08-14T13:33:46.000Z,2025-04-03,24,24,19.6
2023-07-31T15:49:25.676Z,2025-07-02,22,22,23.0
2023-07-31T16:21:42.666Z,2025-07-02,22,22,23.0
2023-07-31T19:24:29.172Z,2025-07-02,22,22,23.0
2023-08-02T14:50:38.223Z,2025-07-02,22,22,23.0
2023-08-03T20:19:29.251Z,2025-07-02,22,22,22.9
2023-08-03T22:44:06.690Z,2025-07-02,22,22,22.9
2023-08-08T14:57:02.385Z,2025-07-02,22,22,22.8
2023-08-08T19:10:36.868Z,2025-07-02,22,22,22.8
2023-08-09T15:12:22.037Z,2025-07-02,22,22,22.7
2023-08-10T22:41:34.390Z,2025-07-02,22,22,22.7
2023-08-11T14:41:18.353Z,2025-07-02,23,23,22.7
2023-08-14T11:15:50.456Z,2025-07-02,24,24,22.6
2023-08-14T17:43:51.855Z,2025-07-02,24,24,22.6
2023-08-16T11:12:48.631Z,2025-07-02,24,24,22.5
2023-08-16T12:45:27.020Z,2025-07-02,24,24,22.5
2023-08-16T16:47:03.469Z,2025-07-02,24,24,22.5
2023-08-16T19:16:39.915Z,2025-07-02,22,22,22.5
2023-08-21T18:51:52.173Z,2025-07-02,22,22,22.3
2023-08-21T22:33:14.536Z,2025-07-02,24,24,22.3
2023-08-22T17:46:03.303Z,2025-07-02,23,23,22.3
2023-08-22T18:50:17.268Z,2025-07-02,22,22,22.3
2023-08-23T17:08:56.472Z,2025-07-02,23,23,22.3
2023-08-23T17:58:00.743Z,2025-07-02,24,24,22.3
2023-08-24T20:03:14.477Z,2025-07-02,22,22,22.2
2023-08-24T21:25:19.083Z,2025-07-02,24,24,22.2
2023-08-24T23:05:06.492Z,2025-07-02,24,24,22.2
2023-08-28T19:19:18.106Z,2025-07-02,22,22,22.1
2023-08-29T22:19:09.458Z,2025-07-02,24,24,22.1
2023-09-01T14:15:22.726Z,2025-07-02,22,22,22.0
2023-09-05T14:11:09.103Z,2025-07-02,24,24,21.9
2023-09-05T19:39:34.896Z,2025-07-02,22,22,21.9
2023-09-06T16:44:34.917Z,2025-07-02,24,24,21.8
2023-09-07T17:56:45.064Z,2025-07-02,22,22,21.8
2023-09-12T19:42:03.899Z,2025-07-02,24,24,21.6
2023-09-14T11:56:38.199Z,2025-07-02,23,23,21.6
2023-09-14T18:14:58.589Z,2025-07-02,24,24,21.6
2023-09-14T18:54:57.593Z,2025-07-02,23,23,21.6
2023-09-18T11:53:01.992Z,2025-07-02,22,22,21.4
2023-09-18T12:29:01.760Z,2025-07-02,24,24,21.4
2023-09-18T19:03:00.888Z,2025-07-02,23,23,21.4
2023-09-18T21:58:32.202Z,2025-07-02,22,22,21.4
2023-09-19T14:56:23.232Z,2025-07-02,22,22,21.4
2023-09-20T14:25:27.032Z,2025-07-02,23,23,21.4
2023-09-21T11:42:03.042Z,2025-07-02,24,24,21.3
2023-09-21T13:42:29.392Z,2025-07-02,22,22,21.3
2023-09-21T16:21:55.138Z,2025-07-02,22,22,21.3
2023-09-21T18:42:52.569Z,2025-07-02,24,24,21.3
2023-09-22T14:12:41.522Z,2025-07-02,23,23,21.3
2023-09-22T23:03:22.232Z,2025-07-02,23,23,21.3
2023-09-25T18:08:31.505Z,2025-07-02,24,24,21.2
2023-09-25T21:01:56.487Z,2025-07-02,23,23,21.2
2023-09-26T12:50:50.293Z,2025-07-02,22,22,21.2
2023-09-26T13:23:50.308Z,2025-07-02,24,24,21.2
2023-09-26T16:45:43.571Z,2025-07-02,22,22,21.2
2023-09-26T18:35:14.012Z,2025-07-02,22,22,21.2
2023-09-28T13:05:33.234Z,2025-07-02,22,22,21.1
2023-09-28T13:37:55.849Z,2025-07-02,22,22,21.1
2023-09-29T16:05:58.636Z,2025-07-02,24,24,21.1
2023-09-29T19:37:03.639Z,2025-07-02,24,24,21.1
2023-10-02T15:43:37.795Z,2025-07-02,22,22,21.0
2023-10-03T13:15:50.374Z,2025-07-02,22,24,20.9
2023-10-03T17:57:38.731Z,2025-07-02,22,22,20.9
2023-10-04T18:51:52.648Z,2025-07-02,22,22,20.9
2023-10-04T19:24:18.175Z,2025-07-02,24,24,20.9
2023-10-05T16:42:08.423Z,2025-07-02,24,24,20.9
2023-10-05T16:50:07.868Z,2025-07-02,24,24,20.9
2023-10-10T15:41:30.177Z,2025-07-02,24,24,20.7
2023-10-17T14:35:36.804Z,2025-07-02,24,24,20.5
2023-10-20T16:31:19.952Z,2025-07-02,23,23,20.4
2023-10-20T21:42:02.249Z,2025-07-02,24,24,20.4
2023-10-27T17:38:55.901Z,2025-07-02,24,24,20.1
2023-10-27T18:38:43.169Z,2025-07-02,24,24,20.1
2023-10-27T20:28:50.713Z,2025-07-02,24,24,20.1
2023-10-27T20:44:52.852Z,2025-07-02,24,24,20.1
2023-10-30T19:11:46.500Z,2025-07-02,24,24,20.0
2023-11-03T21:14:20.468Z,2025-07-02,24,24,19.9
2023-11-08T15:27:12.897Z,2025-07-02,24,24,19.8
2023-11-08T17:21:44.465Z,2025-07-02,24,24,19.8
2023-11-14T15:52:24.454Z,2025-07-02,24,24,19.6
2023-11-14T22:03:52.903Z,2025-07-02,24,24,19.6
2023-11-15T14:14:21.372Z,2025-07-02,24,24,19.5
2023-11-15T17:30:40.896Z,2025-07-02,24,24,19.5
2023-11-17T19:36:54.889Z,2025-07-02,24,24,19.5
2023-08-29T15:55:32.293Z,2025-10-01,22,22,25.1
2023-08-31T18:44:59.572Z,2025-10-01,22,22,25.0
2023-10-05T16:31:05.226Z,2025-10-01,22,22,23.9
2023-10-06T14:18:08.736Z,2025-10-01,22,22,23.8
2023-10-09T15:22:07.423Z,2025-10-01,22,22,23.7
2023-10-09T15:35:45.620Z,2025-10-01,22,22,23.7
2023-10-10T15:35:08.529Z,2025-10-01,22,22,23.7
2023-10-10T20:34:39.480Z,2025-10-01,22,22,23.7
2023-10-12T19:09:11.570Z,2025-10-01,22,22,23.6
2023-10-13T14:31:28.845Z,2025-10-01,22,22,23.6
2023-10-18T13:34:14.398Z,2025-10-01,22,22,23.4
2023-10-23T22:25:05.355Z,2025-10-01,22,22,23.3
2023-10-23T22:57:47.357Z,2025-10-01,22,22,23.3
2023-10-24T16:57:01.326Z,2025-10-01,22,22,23.2
2023-10-24T17:40:58.483Z,2025-10-01,22,22,23.2
2023-10-25T18:47:27.100Z,2025-10-01,22,22,23.2
2023-10-27T20:57:52.461Z,2025-10-01,22,22,23.1
2023-10-31T20:56:52.775Z,2025-10-01,22,22,23.0
2023-11-01T20:15:57.016Z,2025-10-01,22,22,23.0
2023-11-06T16:32:38.769Z,2025-10-01,22,22,22.8
2023-11-14T14:06:50.242Z,2025-10-01,22,22,22.6
2023-11-14T21:52:24.873Z,2025-10-01,22,22,22.5
2023-11-17T19:45:43.048Z,2025-10-01,24,24,22.4
2023-11-20T17:51:14.360Z,2025-10-01,24,24,22.4
2023-11-20T18:52:07.064Z,2025-10-08,24,24,22.6
2023-11-20T20:42:05.648Z,2025-10-08,22,22,22.6
2023-11-21T16:59:54.333Z,2025-10-08,24,24,22.6
2023-11-21T20:36:00.119Z,2025-10-08,22,22,22.5
2023-11-22T17:47:55.105Z,2025-10-08,23,23,22.5
2023-11-27T15:09:44.790Z,2025-10-08,22,22,22.4
2023-11-27T19:03:05.614Z,2025-10-08,24,24,22.4
2023-11-27T20:29:05.993Z,2025-10-08,22,22,22.3
2023-11-27T22:13:36.377Z,2025-10-08,22,22,22.3
2023-11-28T12:56:24.086Z,2025-10-08,22,22,22.3
2023-11-28T14:02:03.927Z,2025-10-08,22,22,22.3
2023-11-28T19:46:43.692Z,2025-10-08,22,22,22.3
2023-11-29T19:29:16.654Z,2025-10-08,24,24,22.3
2023-11-30T15:45:10.574Z,2025-10-08,22,22,22.3
2023-11-30T16:48:03.067Z,2025-10-08,22,22,22.3
2023-11-30T18:10:22.220Z,2025-10-08,22,22,22.3
2023-11-30T22:29:37.287Z,2025-10-08,22,22,22.2
2023-12-01T14:11:14.423Z,2025-10-08,24,24,22.2
2023-12-01T15:14:41.555Z,2025-10-08,23,23,22.2
2023-12-01T15:41:56.418Z,2025-10-08,22,22,22.2
2023-12-01T17:36:00.785Z,2025-10-08,24,24,22.2
2023-12-04T22:19:34.367Z,2025-10-08,22,22,22.1
2023-12-05T15:04:35.292Z,2025-10-08,24,24,22.1
2023-12-06T17:25:21.165Z,2025-10-08,24,24,22.1
2023-12-08T20:33:12.931Z,2025-10-08,22,22,22.0
2023-12-11T19:51:45.033Z,2025-10-08,24,24,21.9
2023-12-12T15:50:50.038Z,2025-10-08,22,22,21.9
2023-12-12T19:57:07.801Z,2025-10-08,24,24,21.9
2023-12-13T15:11:49.991Z,2025-10-08,24,24,21.8
2023-12-13T22:23:06.741Z,2025-10-08,22,22,21.8
2023-12-15T15:11:16.891Z,2025-10-08,24,24,21.8
2023-12-15T16:29:45.306Z,2025-10-08,22,22,21.8
2023-12-15T17:16:18.087Z,2025-10-08,22,22,21.8
2023-12-19T20:45:40.093Z,2025-10-08,24,24,21.6
2023-12-19T21:05:30.038Z,2025-10-08,23,24,21.6
2023-12-20T14:37:11.024Z,2025-10-08,24,24,21.6
2023-12-20T16:19:59.595Z,2025-10-08,22,22,21.6
2023-12-21T18:32:03.453Z,2025-10-08,23,23,21.6
2023-12-21T18:36:22.601Z,2025-10-08,24,24,21.6
2023-12-21T19:30:43.856Z,2025-10-08,24,24,21.6
2023-12-21T22:03:13.620Z,2025-10-08,24,24,21.6
2023-12-22T19:59:59.655Z,2025-10-08,24,24,21.5
2023-12-28T15:58:35.943Z,2025-10-08,24,24,21.3
2023-12-28T19:04:19.040Z,2025-10-08,22,22,21.3
2023-12-28T19:33:57.654Z,2025-10-08,22,22,21.3
2023-12-28T19:36:10.390Z,2025-10-08,23,23,21.3
2023-12-28T20:11:43.091Z,2025-10-08,22,22,21.3
2023-12-28T21:12:51.281Z,2025-10-08,22,22,21.3
2023-12-29T18:51:47.018Z,2025-10-08,22,22,21.3
2024-01-02T20:16:41.347Z,2025-10-08,24,24,21.2
2024-01-03T13:05:36.408Z,2025-10-08,22,22,21.1
2024-01-03T13:32:43.557Z,2025-10-08,22,22,21.1
2024-01-04T16:34:57.303Z,2025-10-08,22,22,21.1
2024-01-04T18:32:41.448Z,2025-10-08,24,24,21.1
2024-01-05T15:04:35.417Z,2025-10-08,23,24,21.1
2024-01-05T15:21:58.159Z,2025-10-08,24,24,21.1
2024-01-17T19:39:39.551Z,2025-10-08,22,22,20.7
2024-01-17T20:21:31.392Z,2025-10-08,22,22,20.7
2024-01-18T12:58:58.295Z,2025-10-08,23,23,20.7
2024-01-18T17:43:01.868Z,2025-10-08,22,22,20.6
2024-01-22T22:04:29.077Z,2025-10-08,24,24,20.5
2024-01-23T15:31:09.806Z,2025-10-08,24,24,20.5
2024-01-23T17:24:21.812Z,2025-10-08,22,22,20.5
2024-01-23T20:34:54.575Z,2025-10-08,22,22,20.5
2024-01-24T14:30:31.713Z,2025-10-08,23,23,20.5
2024-01-24T22:20:58.686Z,2025-10-08,24,24,20.4
2024-01-25T15:15:16.815Z,2025-10-08,24,24,20.4
2024-01-25T19:25:08.083Z,2025-10-08,24,24,20.4
2024-01-25T21:38:31.315Z,2025-10-08,22,22,20.4
2024-01-26T15:18:23.489Z,2025-10-08,24,24,20.4
2024-01-30T15:23:35.200Z,2025-10-08,22,22,20.3
2024-01-31T19:24:51.189Z,2025-10-08,22,22,20.2
2024-01-31T21:29:30.170Z,2025-10-08,24,24,20.2
2024-01-31T21:39:43.218Z,2025-10-08,24,24,20.2
2024-01-31T22:02:35.354Z,2025-10-08,22,22,20.2
2024-01-31T22:05:23.295Z,2025-10-08,24,24,20.2
2024-02-01T21:15:52.495Z,2025-10-08,22,22,20.2
2024-02-02T16:16:24.732Z,2025-10-08,22,22,20.2
2024-02-02T16:20:49.946Z,2025-10-08,23,23,20.2
2024-02-02T19:58:22.198Z,2025-10-08,22,22,20.1
2024-02-05T16:05:20.139Z,2025-10-08,22,22,20.1
2024-02-05T17:30:47.019Z,2025-10-08,24,24,20.1
2024-02-06T17:20:20.601Z,2025-10-08,24,24,20.0
2024-02-07T15:00:35.019Z,2025-10-08,24,24,20.0
2024-02-07T15:48:25.650Z,2025-10-08,24,24,20.0
2024-02-07T15:54:57.313Z,2025-10-08,24,24,20.0
2024-02-08T16:19:04.594Z,2025-10-08,24,24,20.0
2024-02-08T16:53:47.227Z,2025-10-08,22,22,20.0
2024-02-08T17:01:08.982Z,2025-10-08,24,24,20.0
2024-02-08T17:13:17.625Z,2025-10-08,22,22,20.0
2024-02-08T17:52:40.452Z,2025-10-08,24,24,20.0
2024-02-09T19:42:44.464Z,2025-10-08,24,24,19.9
2024-02-09T19:48:03.872Z,2025-10-08,24,24,19.9
2024-02-13T16:37:19.975Z,2025-10-08,22,22,19.8
2024-02-14T16:17:12.706Z,2025-10-08,24,24,19.8
2024-02-16T15:23:52.929Z,2025-10-08,22,22,19.7
2024-02-16T16:04:20.487Z,2025-10-08,24,24,19.7
2024-02-16T18:39:20.730Z,2025-10-08,24,24,19.7
2024-02-22T14:46:51.637Z,2025-10-08,22,24,19.5
2024-02-22T15:06:31.428Z,2025-10-08,22,22,19.5
2024-02-22T15:34:32.803Z,2025-10-08,23,23,19.5
2024-02-22T20:54:44.718Z,2025-10-08,24,24,19.5
2024-02-23T16:55:10.680Z,2025-10-08,24,24,19.5
2024-02-26T14:50:33.929Z,2025-10-08,22,22,19.4
2024-02-27T14:38:53.804Z,2025-10-08,24,24,19.3
2024-02-27T16:17:34.733Z,2025-10-08,24,24,19.3
2024-02-27T16:32:45.320Z,2025-10-08,22,22,19.3
2024-02-28T19:37:19.733Z,2025-10-08,22,22,19.3
2024-02-29T16:57:53.934Z,2025-10-08,23,23,19.3
2024-03-01T16:59:47.743Z,2025-10-08,22,22,19.2
2024-03-04T16:15:26.094Z,2025-10-08,24,24,19.1
2024-03-04T22:09:53.454Z,2025-10-08,24,24,19.1
2024-03-05T19:54:24.538Z,2025-10-08,24,24,19.1
2024-03-06T14:45:06.250Z,2025-10-08,22,24,19.1
2024-03-06T22:10:30.846Z,2025-10-08,22,22,19.1
2024-03-08T16:52:20.629Z,2025-10-08,22,22,19.0
2024-03-12T14:37:45.443Z,2025-10-08,23,23,18.9
2024-03-12T16:43:26.578Z,2025-10-08,22,22,18.9
2024-03-12T16:53:57.794Z,2025-10-08,23,23,18.9
2024-03-14T11:52:08.329Z,2025-10-08,22,22,18.8
2024-03-15T18:23:58.963Z,2025-10-08,24,24,18.8
2024-03-15T21:23:59.515Z,2025-10-08,24,24,18.8
2024-03-18T14:02:59.781Z,2025-10-08,22,22,18.7
2024-03-20T15:05:17.134Z,2025-10-08,22,22,18.6
2024-03-20T17:03:32.594Z,2025-10-08,24,24,18.6
2024-03-21T15:04:18.131Z,2025-10-08,24,24,18.6
2024-03-21T20:47:10.908Z,2025-10-08,24,24,18.6
2024-03-21T22:04:13.259Z,2025-10-08,24,24,18.6
2024-03-22T16:49:18.542Z,2025-10-08,24,24,18.5
2024-03-22T17:53:22.773Z,2025-10-08,22,22,18.5
2024-03-22T17:59:12.582Z,2025-10-08,22,22,18.5
2024-03-22T18:51:33.365Z,2025-10-08,23,23,18.5
2024-03-26T14:12:42.852Z,2025-10-08,24,24,18.4
2024-03-26T18:29:17.003Z,2025-10-08,23,23,18.4
2024-03-27T14:14:58.647Z,2025-10-08,22,22,18.4
2024-04-01T15:40:37.167Z,2025-10-08,24,24,18.2
2024-04-02T15:25:43.380Z,2025-10-08,22,22,18.2
2024-04-02T15:51:31.601Z,2025-10-08,24,24,18.2
2024-04-02T15:55:11.059Z,2025-10-08,22,24,18.2
2024-04-02T17:23:45.891Z,2025-10-08,24,24,18.2
2024-04-03T14:02:52.018Z,2025-10-08,22,22,18.2
2024-04-03T19:09:27.983Z,2025-10-08,22,22,18.1
2024-04-05T15:17:50.529Z,2025-10-08,22,22,18.1
2024-04-08T18:58:33.075Z,2025-10-08,22,22,18.0
2024-04-10T14:07:38.238Z,2025-10-08,22,22,17.9
2024-04-10T17:16:03.034Z,2025-10-08,24,24,17.9
2024-04-10T19:21:10.842Z,2025-10-08,23,23,17.9
2024-04-11T15:20:30.752Z,2025-10-08,24,24,17.9
2024-04-11T21:17:39.407Z,2025-10-08,24,24,17.9
2024-04-11T21:28:13.112Z,2025-10-08,24,24,17.9
2024-04-12T21:01:35.425Z,2025-10-08,23,23,17.8
2024-04-15T18:43:38.237Z,2025-10-08,22,22,17.8
2024-04-15T19:41:14.441Z,2025-10-08,22,22,17.8
2024-04-15T19:48:38.401Z,2025-10-08,24,24,17.8
2024-04-16T13:50:51.617Z,2025-10-08,22,22,17.7
2024-04-17T15:28:10.062Z,2025-10-08,24,24,17.7
2024-04-17T17:43:23.029Z,2025-10-08,23,23,17.7
2024-04-18T15:33:51.124Z,2025-10-08,24,24,17.7
2024-04-18T20:29:41.896Z,2025-10-08,23,23,17.7
2024-04-18T20:33:00.226Z,2025-10-08,24,24,17.7
2024-04-19T12:45:55.592Z,2025-10-08,23,23,17.6
2024-04-19T19:08:26.835Z,2025-10-08,22,22,17.6
2024-04-19T19:20:17.847Z,2025-10-08,22,22,17.6
2024-04-23T13:22:13.988Z,2025-10-08,22,22,17.5
2024-04-23T17:58:28.623Z,2025-10-08,24,24,17.5
2024-04-23T20:08:06.528Z,2025-10-08,22,22,17.5
2024-04-24T20:42:49.245Z,2025-10-08,22,22,17.5
2024-04-25T15:33:23.277Z,2025-10-08,24,24,17.4
2024-04-26T12:43:43.202Z,2025-10-08,22,22,17.4
2024-04-29T15:07:52.780Z,2025-10-08,22,22,17.3
2024-04-30T16:02:32.783Z,2025-10-08,22,22,17.3
2024-04-30T18:44:48.685Z,2025-10-08,24,24,17.3
2024-05-01T13:36:59.259Z,2025-10-08,22,22,17.2
2024-05-03T14:59:35.379Z,2025-10-08,24,24,17.2
2024-05-03T15:05:00.305Z,2025-10-08,22,22,17.2
2024-05-03T18:00:16.922Z,2025-10-08,24,24,17.2
2024-05-03T18:33:04.237Z,2025-10-08,22,22,17.2
2024-05-06T13:14:30.859Z,2025-10-08,24,24,17.1
2024-05-06T17:05:07.275Z,2025-10-08,24,24,17.1
2024-05-07T13:55:33.277Z,2025-10-08,24,24,17.0
2024-05-07T14:54:23.959Z,2025-10-08,24,24,17.0
2024-05-08T12:19:54.156Z,2025-10-08,22,22,17.0
2024-05-08T12:27:42.535Z,2025-10-08,22,22,17.0
2024-05-08T16:10:15.071Z,2025-10-08,22,22,17.0
2024-05-08T21:11:21.376Z,2025-10-08,22,22,17.0
2024-05-09T11:04:25.786Z,2025-10-08,22,22,17.0
2024-05-09T13:51:18.138Z,2025-10-08,22,22,17.0
2024-05-09T16:47:14.128Z,2025-10-08,24,24,17.0
2024-05-09T21:15:41.293Z,2025-10-08,22,22,17.0
2024-05-10T15:29:39.633Z,2025-10-08,22,22,16.9
2024-05-10T16:38:58.632Z,2025-10-08,22,22,16.9
2024-05-10T22:05:56.901Z,2025-10-08,24,24,16.9
2024-05-13T13:11:14.321Z,2025-10-08,22,22,16.8
2024-05-13T16:23:13.483Z,2025-10-08,24,24,16.8
2024-05-15T14:53:51.879Z,2025-10-08,24,24,16.8
2024-05-15T15:35:16.628Z,2025-10-08,22,22,16.8
2024-05-15T17:24:28.833Z,2025-10-08,24,24,16.8
2024-05-15T19:07:56.740Z,2025-10-08,24,24,16.8
2024-05-16T12:51:50.513Z,2025-10-08,22,22,16.7
2024-05-17T15:50:22.035Z,2025-10-08,24,24,16.7
2024-05-17T18:42:29.038Z,2025-10-08,22,22,16.7
2024-05-17T18:48:50.573Z,2025-10-08,22,22,16.7
2024-05-20T14:16:26.414Z,2025-10-08,22,22,16.6
2024-05-20T16:09:38.404Z,2025-10-08,24,24,16.6
2024-05-21T12:45:55.025Z,2025-10-08,22,22,16.6
2024-05-21T15:34:18.691Z,2025-10-08,24,24,16.6
2024-05-21T15:40:47.000Z,2025-10-08,24,24,16.6
2024-05-21T19:54:46.144Z,2025-10-08,24,24,16.6
2024-05-22T15:55:55.897Z,2025-10-08,24,24,16.5
2024-05-22T21:25:14.358Z,2025-10-08,24,24,16.5
2024-05-23T21:43:38.993Z,2025-10-08,24,24,16.5
2024-05-24T14:44:15.625Z,2025-10-08,23,23,16.5
2024-05-24T18:53:00.303Z,2025-10-08,24,24,16.5
2024-05-24T19:18:49.901Z,2025-10-08,24,24,16.5
2024-05-28T13:56:40.810Z,2025-10-08,22,22,16.3
2024-05-29T17:18:20.008Z,2025-10-08,22,22,16.3
2024-05-30T18:40:28.942Z,2025-10-08,24,24,16.3
2024-05-30T20:30:36.948Z,2025-10-08,22,22,16.3
2024-05-30T21:06:04.053Z,2025-10-08,23,23,16.3
2024-05-31T15:29:34.000Z,2025-10-08,22,22,16.2
2024-06-03T13:44:31.499Z,2025-10-08,24,24,16.1
2024-06-03T15:28:56.342Z,2025-10-08,24,24,16.1
2024-06-04T14:03:52.048Z,2025-10-08,24,24,16.1
2024-06-04T14:56:31.253Z,2025-10-08,23,23,16.1
2024-06-04T18:26:15.295Z,2025-10-08,22,22,16.1
2024-06-04T22:48:06.676Z,2025-10-08,24,24,16.1
2024-06-06T13:50:06.711Z,2025-10-08,24,24,16.1
2024-06-06T16:06:50.844Z,2025-10-08,24,24,16.0
2024-06-06T17:21:25.756Z,2025-10-08,24,24,16.0
2024-06-06T22:17:36.338Z,2025-10-08,24,24,16.0
2024-06-07T14:31:13.696Z,2025-10-08,24,24,16.0
2024-06-10T17:27:24.039Z,2025-10-08,24,24,15.9
2024-06-11T16:53:57.461Z,2025-10-08,24,24,15.9
2024-06-11T21:28:54.523Z,2025-10-08,24,24,15.9
2024-06-13T13:55:25.927Z,2025-10-08,22,22,15.8
2024-06-13T15:33:48.555Z,2025-10-08,23,23,15.8
2024-06-13T16:19:41.754Z,2025-10-08,24,24,15.8
2024-06-13T20:27:02.577Z,2025-10-08,24,24,15.8
2024-06-14T21:26:21.505Z,2025-10-08,24,24,15.8
2024-06-14T21:27:14.891Z,2025-10-08,24,24,15.8
2024-06-18T13:35:45.380Z,2025-10-08,23,23,15.7
2024-06-20T15:34:20.068Z,2025-10-08,22,22,15.6
2024-06-20T16:28:18.256Z,2025-10-08,24,24,15.6
2024-06-20T17:45:32.736Z,2025-10-08,24,24,15.6
2024-06-20T18:30:46.156Z,2025-10-08,24,24,15.6
2024-06-21T15:00:26.044Z,2025-10-08,22,22,15.6
2024-06-21T19:11:40.176Z,2025-10-08,22,22,15.6
2024-06-24T13:28:49.011Z,2025-10-08,22,22,15.5
2024-06-24T13:42:25.290Z,2025-10-08,24,24,15.5
2024-06-24T14:55:01.047Z,2025-10-08,24,24,15.5
2023-12-28T21:46:44.582Z,2025-10-10,22,22,21.4
2023-12-29T15:24:40.280Z,2025-10-10,22,22,21.4
2024-01-03T13:40:48.238Z,2025-10-10,22,22,21.2
2024-06-24T19:50:24.807Z,2025-10-10,22,22,15.5
2024-06-25T16:57:22.815Z,2025-10-10,22,22,15.5
2024-06-26T13:12:15.317Z,2025-10-10,23,23,15.5
2024-06-27T12:27:49.130Z,2025-10-10,22,22,15.4
2024-06-27T20:58:03.762Z,2025-10-10,24,24,15.4
2024-06-28T14:05:09.129Z,2025-10-10,22,22,15.4
2024-06-28T17:47:24.887Z,2025-10-10,23,23,15.4
2024-07-01T13:48:30.651Z,2025-10-10,23,23,15.3
2024-07-02T17:18:40.133Z,2025-10-10,22,22,15.3
2024-07-02T17:43:14.068Z,2025-10-10,24,24,15.3
2024-07-02T19:15:57.559Z,2025-10-10,24,24,15.3
2024-07-02T21:35:59.097Z,2025-10-10,24,24,15.2
2024-07-03T18:53:44.865Z,2025-10-10,24,24,15.2
2024-07-08T15:14:55.043Z,2025-10-10,24,24,15.1
2024-07-08T15:16:23.284Z,2025-10-10,22,22,15.1
2024-07-08T15:32:38.881Z,2025-10-10,22,22,15.1
2024-07-08T19:33:14.913Z,2025-10-10,23,24,15.1
2024-07-08T21:16:55.038Z,2025-10-10,24,24,15.1
2024-07-09T15:39:04.095Z,2025-10-10,22,22,15.0
2024-07-10T16:05:57.646Z,2025-10-10,24,24,15.0
2024-07-10T16:13:27.848Z,2025-10-10,24,24,15.0
2024-07-10T16:20:45.037Z,2025-10-10,24,24,15.0
2024-07-11T15:33:11.422Z,2025-10-10,22,22,15.0
2024-07-11T17:54:57.761Z,2025-10-10,22,22,15.0
2024-07-11T19:09:05.447Z,2025-10-10,22,22,15.0
2024-07-12T16:14:43.280Z,2025-10-10,24,24,14.9
2024-07-12T17:17:34.694Z,2025-10-10,24,24,14.9
2024-07-12T20:42:34.995Z,2025-10-10,24,24,14.9
2024-07-15T12:57:06.957Z,2025-10-10,24,24,14.8
2024-07-15T15:08:14.493Z,2025-10-10,22,22,14.8
2024-07-15T21:15:29.356Z,2025-10-10,24,24,14.8
2024-07-16T19:21:25.252Z,2025-10-10,22,22,14.8
2024-07-17T17:23:51.456Z,2025-10-10,24,24,14.8
2024-07-18T13:43:24.365Z,2025-10-10,23,23,14.7
2024-07-18T13:53:58.564Z,2025-10-10,24,24,14.7
2024-07-19T16:01:03.595Z,2025-10-10,24,24,14.7
2024-07-19T16:13:39.650Z,2025-10-10,24,24,14.7
2024-07-22T16:33:06.589Z,2025-10-10,24,24,14.6
2024-07-22T18:31:01.392Z,2025-10-10,22,22,14.6
2024-07-23T16:36:09.115Z,2025-10-10,22,22,14.6
2024-07-23T16:49:59.466Z,2025-10-10,22,22,14.6
2024-07-24T13:51:19.692Z,2025-10-10,22,22,14.5
2024-07-24T14:26:58.771Z,2025-10-10,23,23,14.5
2024-07-24T14:58:25.801Z,2025-10-10,24,24,14.5
2024-07-24T15:07:43.166Z,2025-10-10,24,24,14.5
2024-07-24T19:31:57.080Z,2025-10-10,22,22,14.5
2024-07-25T13:14:22.612Z,2025-10-10,24,24,14.5
2024-07-25T14:00:48.459Z,2025-10-10,24,24,14.5
2024-07-25T14:39:25.206Z,2025-10-10,22,22,14.5
2024-07-25T16:48:21.009Z,2025-10-10,22,22,14.5
2024-07-25T18:16:20.599Z,2025-10-10,22,22,14.5
2024-07-26T12:27:31.836Z,2025-10-10,22,22,14.5
2024-07-26T13:43:30.231Z,2025-10-10,24,24,14.5
2024-07-26T16:14:53.251Z,2025-10-10,22,22,14.5
2024-07-26T16:28:03.063Z,2025-10-10,24,24,14.5
2024-07-29T13:02:06.145Z,2025-10-10,22,22,14.4
2024-07-29T15:33:50.999Z,2025-10-10,24,24,14.4
2024-07-30T17:32:06.742Z,2025-10-10,22,22,14.3
2024-07-30T17:35:17.020Z,2025-10-10,24,24,14.3
2024-07-30T18:04:27.791Z,2025-10-10,24,24,14.3
2024-07-30T21:50:23.320Z,2025-10-10,24,24,14.3
2024-07-31T12:04:17.442Z,2025-10-10,22,22,14.3
2024-07-31T14:42:29.166Z,2025-10-10,24,24,14.3
2024-07-31T20:11:34.136Z,2025-10-10,22,22,14.3
2024-08-01T16:03:31.894Z,2025-10-10,22,22,14.3
2024-08-01T20:29:02.714Z,2025-10-10,24,24,14.3
2024-08-02T20:18:00.623Z,2025-10-10,24,24,14.2
2024-08-05T14:11:47.996Z,2025-10-10,24,24,14.1
2024-08-05T16:31:53.666Z,2025-10-10,24,24,14.1
2024-08-05T20:37:27.503Z,2025-10-10,24,24,14.1
2024-08-06T17:46:10.732Z,2025-10-10,24,24,14.1
2024-08-06T18:32:00.178Z,2025-10-10,24,24,14.1
2024-08-07T21:30:37.430Z,2025-10-10,24,24,14.1
2024-08-08T19:18:59.943Z,2025-10-10,24,24,14.0
2024-08-08T22:02:28.929Z,2025-10-10,24,24,14.0
2024-08-09T13:56:16.301Z,2025-10-10,22,22,14.0
2024-08-09T15:35:56.810Z,2025-10-10,22,22,14.0
2024-08-09T17:15:38.200Z,2025-10-10,24,24,14.0
2024-08-12T14:29:46.235Z,2025-10-10,24,24,13.9
2024-08-12T15:40:10.568Z,2025-10-10,22,22,13.9
2024-08-12T16:10:20.928Z,2025-10-10,24,24,13.9
2024-08-13T17:10:51.287Z,2025-10-10,24,24,13.9
2024-08-14T14:10:52.982Z,2025-10-10,24,24,13.8
2024-08-14T16:28:51.751Z,2025-10-10,24,24,13.8
2024-08-14T17:10:00.599Z,2025-10-10,24,24,13.8
2024-08-15T18:31:00.486Z,2025-10-10,24,24,13.8
2024-08-15T20:50:47.698Z,2025-10-10,24,24,13.8
2024-08-16T14:48:32.361Z,2025-10-10,24,24,13.8
2024-08-16T18:55:03.007Z,2025-10-10,24,24,13.8
2024-08-19T17:55:52.833Z,2025-10-10,24,24,13.7
2024-08-20T16:54:49.968Z,2025-10-10,22,22,13.6
2024-08-20T19:53:58.303Z,2025-10-10,22,22,13.6
2024-08-20T20:20:51.231Z,2025-10-10,23,23,13.6
2024-08-21T12:44:45.317Z,2025-10-10,22,22,13.6
2024-08-21T13:09:21.640Z,2025-10-10,22,22,13.6
2024-08-21T19:35:40.589Z,2025-10-10,22,22,13.6
2024-08-21T20:31:29.143Z,2025-10-10,24,24,13.6
2024-08-23T21:12:57.746Z,2025-10-10,24,24,13.5
2024-08-26T15:33:06.408Z,2025-10-10,22,22,13.4
2024-08-26T15:47:36.859Z,2025-10-10,22,22,13.4
2024-08-26T18:51:39.633Z,2025-10-10,22,22,13.4
2024-08-27T13:32:38.716Z,2025-10-10,22,22,13.4
2024-08-28T14:07:11.152Z,2025-10-10,22,22,13.4
2024-08-28T20:36:57.347Z,2025-10-10,22,22,13.4
2024-08-29T18:09:33.947Z,2025-10-10,22,22,13.3
2024-08-29T18:31:53.958Z,2025-10-10,22,22,13.3
2024-08-29T19:28:12.427Z,2025-10-10,24,24,13.3
2024-08-30T14:33:15.822Z,2025-10-10,22,24,13.3
2024-09-03T11:37:25.556Z,2025-10-10,22,22,13.2
2024-09-03T12:03:54.083Z,2025-10-10,24,24,13.2
2024-09-03T17:39:58.964Z,2025-10-10,24,24,13.2
2024-09-03T19:10:03.081Z,2025-10-10,24,24,13.2
2024-09-03T19:24:44.244Z,2025-10-10,22,22,13.2
2024-09-04T14:23:35.054Z,2025-10-10,22,22,13.2
2024-09-04T15:25:11.208Z,2025-10-10,22,22,13.2
2024-09-04T20:29:43.438Z,2025-10-10,24,24,13.1
2024-09-04T22:25:43.218Z,2025-10-10,24,24,13.1
2024-09-05T12:23:30.442Z,2025-10-10,22,24,13.1
2024-09-05T13:01:04.380Z,2025-10-10,22,22,13.1
2024-09-05T19:53:47.223Z,2025-10-10,24,24,13.1
2024-09-06T13:00:30.376Z,2025-10-10,24,24,13.1
2024-09-06T20:43:06.609Z,2025-10-10,24,24,13.1
2024-09-09T15:17:57.730Z,2025-10-10,24,24,13.0
2024-09-10T14:11:48.696Z,2025-10-10,22,22,13.0
2024-09-11T14:41:17.488Z,2025-10-10,24,24,12.9
2024-09-13T13:50:15.395Z,2025-10-10,24,24,12.9
2024-09-13T21:00:08.641Z,2025-10-10,22,22,12.9
2024-09-16T13:10:49.653Z,2025-10-10,24,24,12.8
2024-09-16T14:08:43.083Z,2025-10-10,24,24,12.8
2024-09-16T19:50:10.819Z,2025-10-10,22,22,12.8
2024-09-17T14:03:00.675Z,2025-10-10,22,22,12.7
2024-09-17T14:24:59.168Z,2025-10-10,22,22,12.7
2024-09-17T17:28:43.241Z,2025-10-10,24,24,12.7
2024-09-17T18:57:26.391Z,2025-10-10,22,22,12.7
2024-09-19T14:23:51.127Z,2025-10-10,22,24,12.7
2024-09-19T16:00:43.725Z,2025-10-10,22,22,12.7
2024-09-19T19:36:47.771Z,2025-10-10,22,22,12.7
2024-09-19T21:00:18.685Z,2025-10-10,24,24,12.7
2024-09-20T18:59:56.844Z,2025-10-10,22,22,12.6
2024-09-20T19:39:56.576Z,2025-10-10,22,22,12.6
2024-09-20T20:15:16.159Z,2025-10-10,22,22,12.6
2024-09-23T17:14:55.011Z,2025-10-10,22,22,12.5
2024-09-24T16:57:58.517Z,2025-10-10,24,24,12.5
2024-09-24T18:25:22.915Z,2025-10-10,22,22,12.5
2024-09-26T18:01:50.192Z,2025-10-10,23,23,12.4
2024-09-27T15:00:16.334Z,2025-10-10,24,24,12.4
2024-09-30T13:39:28.770Z,2025-10-10,24,24,12.3
2024-09-30T18:08:47.514Z,2025-10-10,22,22,12.3
2024-09-30T18:49:39.993Z,2025-10-10,22,24,12.3
2024-09-30T18:51:15.912Z,2025-10-10,24,24,12.3
2024-10-01T19:13:41.357Z,2025-10-10,22,22,12.3
2024-10-02T12:26:13.192Z,2025-10-10,24,24,12.2
2024-10-02T19:12:33.181Z,2025-10-10,23,24,12.2
2024-10-03T14:01:18.785Z,2025-10-10,24,24,12.2
2024-10-03T14:29:49.775Z,2025-10-10,24,24,12.2
2024-10-03T22:11:23.934Z,2025-10-10,24,24,12.2
2024-10-04T14:35:15.841Z,2025-10-10,22,22,12.2
2024-10-04T18:00:03.105Z,2025-10-10,22,22,12.2
2024-10-07T14:55:27.296Z,2025-10-10,24,24,12.1
2024-10-08T15:09:05.868Z,2025-10-10,22,22,12.0
2024-10-08T15:44:17.899Z,2025-10-10,24,24,12.0
2024-10-08T16:52:25.893Z,2025-10-10,22,22,12.0
2024-10-08T16:54:48.134Z,2025-10-10,24,24,12.0
2024-10-08T20:11:15.983Z,2025-10-10,24,24,12.0
2024-10-08T22:20:36.824Z,2025-10-10,24,24,12.0
2024-10-09T14:02:34.182Z,2025-10-10,22,22,12.0
2024-10-09T14:10:09.219Z,2025-10-10,22,22,12.0
2024-10-09T17:02:34.431Z,2025-10-10,24,24,12.0
2024-10-09T19:12:44.076Z,2025-10-10,22,22,12.0
2024-10-10T15:52:49.993Z,2025-10-10,24,24,12.0
2024-10-10T15:58:09.686Z,2025-10-10,22,22,12.0
2024-10-10T20:18:58.514Z,2025-10-10,24,24,12.0
2024-10-11T12:00:37.856Z,2025-10-10,22,22,11.9
2024-10-11T16:39:52.704Z,2025-10-10,24,24,11.9
2024-10-11T18:01:01.612Z,2025-10-10,22,22,11.9
2024-10-11T20:24:14.479Z,2025-10-10,24,24,11.9
2024-10-11T20:32:54.103Z,2025-10-10,23,23,11.9
2024-10-14T13:31:49.885Z,2025-10-10,24,24,11.8
2024-10-14T17:24:57.736Z,2025-10-10,24,24,11.8
2024-10-14T18:08:29.885Z,2025-10-10,24,24,11.8
2024-10-15T12:54:12.973Z,2025-10-10,24,24,11.8
2024-10-15T13:23:44.073Z,2025-10-10,24,24,11.8
2024-10-17T16:21:14.833Z,2025-10-10,22,22,11.7
2024-10-17T18:24:42.536Z,2025-10-10,22,22,11.7
2024-10-18T21:48:58.240Z,2025-10-10,24,24,11.7
2024-10-21T13:49:42.025Z,2025-10-10,22,22,11.6
2024-10-21T18:07:31.534Z,2025-10-10,22,22,11.6
2024-10-22T13:15:34.435Z,2025-10-10,22,23,11.6
2024-10-22T16:02:05.822Z,2025-10-10,24,24,11.6
2024-10-23T16:09:48.101Z,2025-10-10,22,22,11.5
2024-10-23T19:13:30.162Z,2025-10-10,22,22,11.5
2024-10-23T20:35:18.983Z,2025-10-10,22,22,11.5
2024-10-23T21:15:53.202Z,2025-10-10,22,22,11.5
2024-10-24T19:04:54.367Z,2025-10-10,23,23,11.5
2024-10-24T21:26:38.160Z,2025-10-10,24,24,11.5
2024-10-25T13:33:12.692Z,2025-10-10,24,24,11.5
2024-10-25T17:33:12.385Z,2025-10-10,24,24,11.5
2024-10-28T14:58:58.041Z,2025-10-10,24,24,11.4
2024-10-28T16:41:58.219Z,2025-10-10,24,24,11.4
2024-10-28T19:18:44.916Z,2025-10-10,22,22,11.4
2024-10-29T14:37:53.979Z,2025-10-10,24,24,11.3
2024-10-30T14:31:25.362Z,2025-10-10,22,22,11.3
2024-10-30T14:46:49.697Z,2025-10-10,22,22,11.3
2024-10-30T16:22:42.991Z,2025-10-10,22,22,11.3
2024-10-30T21:08:19.836Z,2025-10-10,24,24,11.3
2024-10-31T15:38:29.190Z,2025-10-10,24,24,11.3
2024-10-31T15:41:06.993Z,2025-10-10,24,24,11.3
2024-10-31T21:01:42.861Z,2025-10-10,22,22,11.3
2024-11-01T12:59:20.869Z,2025-10-10,22,22,11.3
2024-11-01T13:24:37.063Z,2025-10-10,22,22,11.3
2024-11-01T14:19:53.066Z,2025-10-10,22,22,11.2
2024-11-04T13:58:12.484Z,2025-10-10,23,23,11.2
2024-11-04T17:07:11.265Z,2025-10-10,24,24,11.1
2024-11-05T20:36:56.977Z,2025-10-10,24,24,11.1
2024-11-06T18:16:49.102Z,2025-10-10,24,24,11.1
2024-11-06T19:19:03.352Z,2025-10-10,22,22,11.1
2024-11-07T19:53:54.685Z,2025-10-10,23,24,11.0
2024-11-07T20:56:47.438Z,2025-10-10,22,22,11.0
2024-11-07T21:38:08.233Z,2025-10-10,22,22,11.0
2024-11-07T21:57:27.096Z,2025-10-10,24,24,11.0
2024-11-12T16:57:49.680Z,2025-10-10,22,24,10.9
2024-11-12T17:00:55.021Z,2025-10-10,22,22,10.9
2024-11-12T19:55:01.880Z,2025-10-10,22,22,10.9
2024-11-12T20:22:11.505Z,2025-10-10,23,23,10.9
2024-11-13T15:15:10.400Z,2025-10-10,22,22,10.9
2024-11-13T19:35:37.720Z,2025-10-10,22,22,10.8
2024-11-15T12:36:40.907Z,2025-10-10,24,24,10.8
2024-11-15T13:41:14.447Z,2025-10-10,24,24,10.8
2024-11-18T15:19:36.449Z,2025-10-10,22,22,10.7
2024-11-19T17:29:35.870Z,2025-10-10,24,24,10.7
2024-11-20T20:22:08.662Z,2025-10-10,24,24,10.6
2024-11-25T19:27:25.876Z,2025-10-10,24,24,10.5
2024-11-25T22:07:20.102Z,2025-10-10,22,22,10.5
2024-11-26T13:30:48.953Z,2025-10-10,22,22,10.4
2024-11-26T15:59:44.744Z,2025-10-10,23,23,10.4
2024-11-26T19:10:53.372Z,2025-10-10,22,22,10.4
2024-11-26T19:22:55.778Z,2025-10-10,22,22,10.4
2024-11-26T20:03:23.755Z,2025-10-10,24,24,10.4
2024-11-27T16:16:26.898Z,2025-10-10,24,24,10.4
2024-12-03T19:08:42.986Z,2025-10-10,22,22,10.2
2024-12-03T21:35:39.407Z,2025-10-10,24,24,10.2
2024-12-04T16:03:35.564Z,2025-10-10,22,22,10.2
2024-12-04T17:15:25.859Z,2025-10-10,22,24,10.2
2024-12-04T20:17:00.799Z,2025-10-10,22,22,10.2
2024-12-05T13:53:18.798Z,2025-10-10,22,22,10.1
2024-12-05T14:23:09.098Z,2025-10-10,22,22,10.1
2024-12-05T17:52:24.223Z,2025-10-10,24,24,10.1
2024-12-05T20:45:15.643Z,2025-10-10,24,24,10.1
2024-12-06T17:03:13.173Z,2025-10-10,22,22,10.1
2024-12-06T19:01:31.582Z,2025-10-10,22,22,10.1
2024-12-09T17:22:19.904Z,2025-10-10,24,24,10.0
2024-12-09T17:40:19.786Z,2025-10-10,24,24,10.0
2024-12-09T18:51:52.670Z,2025-10-10,24,24,10.0
2024-12-10T13:30:43.386Z,2025-10-10,22,22,10.0
2024-12-10T19:34:12.518Z,2025-10-10,24,24,10.0
2024-12-11T16:02:13.424Z,2025-10-10,23,23,9.9
2024-12-11T17:29:58.805Z,2025-10-10,24,24,9.9
2024-12-11T18:01:08.007Z,2025-10-10,22,22,9.9
2024-12-11T20:20:21.562Z,2025-10-10,22,22,9.9
2024-12-11T23:32:01.583Z,2025-10-10,24,24,9.9
2024-12-12T16:34:17.187Z,2025-10-10,22,22,9.9
2024-12-12T22:21:54.170Z,2025-10-10,24,24,9.9
2024-12-13T16:06:12.062Z,2025-10-10,22,22,9.9
2024-12-16T12:42:15.367Z,2025-10-10,22,22,9.8
2024-12-16T18:53:39.075Z,2025-10-10,23,23,9.8
2024-12-17T16:58:43.272Z,2025-10-10,24,24,9.7
2024-12-18T13:35:54.743Z,2025-10-10,22,22,9.7
2024-12-18T15:26:00.124Z,2025-10-10,22,22,9.7
2024-12-18T18:52:54.522Z,2025-10-10,24,24,9.7
2024-12-18T21:53:50.942Z,2025-10-10,24,24,9.7
2024-12-19T15:40:07.277Z,2025-10-10,22,22,9.7
2024-12-19T22:09:45.798Z,2025-10-10,22,22,9.7
2024-12-20T14:43:38.939Z,2025-10-10,22,22,9.6
2024-12-26T14:54:00.843Z,2025-10-10,24,24,9.4
2024-12-26T15:23:01.689Z,2025-10-10,23,23,9.4
2024-12-26T16:11:30.276Z,2025-10-10,23,23,9.4
2024-12-26T19:28:45.034Z,2025-10-10,24,24,9.4
2024-12-30T14:07:25.161Z,2025-10-10,22,24,9.3
2024-12-30T15:28:57.709Z,2025-10-10,23,23,9.3
2024-12-30T17:44:13.352Z,2025-10-10,22,22,9.3
2024-12-30T18:09:52.148Z,2025-10-10,22,22,9.3
2024-12-31T16:42:45.984Z,2025-10-10,22,22,9.3
2024-12-31T17:12:50.378Z,2025-10-10,22,22,9.3
2024-12-31T17:37:21.756Z,2025-10-10,22,22,9.3
2024-12-31T20:25:08.395Z,2025-10-10,22,22,9.3
2024-12-31T20:41:02.639Z,2025-10-10,22,22,9.3
2024-12-31T20:44:21.405Z,2025-10-10,23,23,9.3
2025-01-02T14:09:57.958Z,2025-10-10,24,24,9.2
2025-01-03T15:43:53.991Z,2025-10-10,23,23,9.2
2025-01-03T18:48:19.332Z,2025-10-10,24,24,9.2
2025-01-03T19:25:28.554Z,2025-10-10,24,24,9.2
2025-01-06T17:15:34.994Z,2025-10-10,24,24,9.1
2025-01-06T17:32:55.264Z,2025-10-10,24,24,9.1
2025-01-06T18:47:37.527Z,2025-10-10,22,22,9.1
2025-01-06T22:31:39.844Z,2025-10-10,24,24,9.1
2025-01-06T22:40:59.763Z,2025-10-10,24,24,9.1
2025-01-07T11:43:41.569Z,2025-10-10,22,22,9.1
2025-01-07T15:14:07.130Z,2025-10-10,23,23,9.0
2025-01-07T17:21:08.081Z,2025-10-10,22,24,9.0
2025-01-08T19:28:03.173Z,2025-10-10,22,22,9.0
2025-01-08T19:46:27.851Z,2025-10-10,22,22,9.0
2025-01-10T22:49:08.117Z,2025-10-10,24,24,8.9
2025-01-13T13:26:05.345Z,2025-10-10,22,22,8.9
2025-01-13T17:00:30.082Z,2025-10-10,22,22,8.8
2025-01-13T20:15:04.514Z,2025-10-10,24,24,8.8
2025-01-13T20:27:53.284Z,2025-10-10,24,24,8.8
2025-01-14T17:13:18.364Z,2025-10-10,22,22,8.8
2025-01-15T14:25:44.391Z,2025-10-10,23,23,8.8
2025-01-16T17:01:52.048Z,2025-10-10,24,24,8.7
2025-01-16T19:22:18.261Z,2025-10-10,22,22,8.7
2025-01-16T23:46:36.537Z,2025-10-10,24,24,8.7
2025-01-17T13:53:09.965Z,2025-10-10,24,24,8.7
2025-01-17T15:18:51.723Z,2025-10-10,22,22,8.7
2023-06-14T16:51:21.482Z,2026-01-13,23,23,31.0
2024-08-13T13:09:21.353Z,2026-01-13,24,24,17.0
2024-09-13T18:22:03.401Z,2026-01-13,22,22,16.0
2024-09-19T13:41:39.891Z,2026-01-13,22,22,15.8
2024-09-19T14:01:28.185Z,2026-01-13,24,24,15.8
2024-10-28T14:41:29.043Z,2026-01-13,24,24,14.5
2024-11-07T20:25:30.557Z,2026-01-13,24,24,14.2
2024-12-09T22:02:26.628Z,2026-01-13,22,23,13.1
2025-01-17T15:48:49.860Z,2026-01-13,22,22,11.8
2025-01-17T16:29:27.538Z,2026-01-13,24,24,11.8
2025-01-17T23:51:31.348Z,2026-01-13,24,24,11.8
2025-01-21T17:33:05.125Z,2026-01-13,22,22,11.7
2025-01-21T20:15:26.442Z,2026-01-13,24,24,11.7
2025-01-21T20:56:33.806Z,2026-01-13,24,24,11.7
2025-01-22T23:55:17.590Z,2026-01-13,22,22,11.7
2025-01-23T15:19:43.588Z,2026-01-13,24,24,11.6
2025-01-23T16:53:33.984Z,2026-01-13,22,22,11.6
2025-01-23T17:39:19.804Z,2026-01-13,22,22,11.6
2025-01-23T17:43:56.833Z,2026-01-13,22,22,11.6
2025-01-23T18:55:43.051Z,2026-01-13,24,24,11.6
2025-01-23T22:10:03.456Z,2026-01-13,22,24,11.6
2025-01-24T15:41:22.237Z,2026-01-13,22,22,11.6
2025-01-24T16:04:48.859Z,2026-01-13,24,24,11.6
2025-01-24T19:05:26.524Z,2026-01-13,22,22,11.6
2025-01-27T13:55:43.459Z,2026-01-13,24,24,11.5
2025-01-27T16:38:05.342Z,2026-01-13,24,24,11.5
2025-01-27T18:28:17.206Z,2026-01-13,24,24,11.5
2025-01-27T18:55:23.684Z,2026-01-13,22,22,11.5
2025-01-27T19:23:09.868Z,2026-01-13,22,24,11.5
2025-01-27T21:31:47.854Z,2026-01-13,24,24,11.5
2025-01-28T16:33:46.483Z,2026-01-13,22,22,11.5
2025-01-29T17:07:42.229Z,2026-01-13,24,24,11.4
2025-01-29T20:11:19.839Z,2026-01-13,24,24,11.4
2025-01-29T20:15:22.216Z,2026-01-13,24,24,11.4
2025-01-29T20:52:19.708Z,2026-01-13,22,22,11.4
2025-01-29T23:10:18.215Z,2026-01-13,24,24,11.4
2025-01-30T18:26:55.718Z,2026-01-13,24,24,11.4
2025-01-30T20:38:54.088Z,2026-01-13,22,22,11.4
2025-01-31T13:52:46.019Z,2026-01-13,23,23,11.4
2025-01-31T17:03:59.171Z,2026-01-13,22,22,11.4
2025-01-31T23:48:48.242Z,2026-01-13,22,22,11.4
2025-02-03T19:49:57.747Z,2026-01-13,24,24,11.3
2025-02-04T15:21:15.596Z,2026-01-13,22,22,11.2
2025-02-04T15:50:11.644Z,2026-01-13,22,22,11.2
2025-02-04T20:12:52.570Z,2026-01-13,24,24,11.2
2025-02-04T20:30:36.273Z,2026-01-13,23,23,11.2
2025-02-05T15:02:42.489Z,2026-01-13,22,22,11.2
2025-02-05T19:38:53.876Z,2026-01-13,24,24,11.2
2025-02-05T21:07:56.076Z,2026-01-13,24,24,11.2
2025-02-06T18:46:06.838Z,2026-01-13,24,24,11.2
2025-02-07T15:58:21.760Z,2026-01-13,22,22,11.1
2025-02-07T22:22:38.382Z,2026-01-13,24,24,11.1
2025-02-10T12:45:09.889Z,2026-01-13,22,22,11.1
2025-02-10T15:22:20.538Z,2026-01-13,22,22,11.1
2025-02-11T15:54:43.296Z,2026-01-13,24,24,11.0
2025-02-12T14:27:01.138Z,2026-01-13,23,23,11.0
2025-02-12T18:19:12.412Z,2026-01-13,24,24,11.0
2025-02-12T22:48:43.783Z,2026-01-13,22,22,11.0
2025-02-13T18:14:41.456Z,2026-01-13,22,22,10.9
2025-02-14T14:49:50.200Z,2026-01-13,22,22,10.9
2025-02-14T15:35:45.325Z,2026-01-13,22,22,10.9
2025-02-14T16:57:34.716Z,2026-01-13,23,23,10.9
2025-02-14T21:32:36.067Z,2026-01-13,24,24,10.9
2025-02-18T22:12:42.477Z,2026-01-13,24,24,10.8
2025-02-20T15:47:24.202Z,2026-01-13,24,24,10.7
2025-02-20T21:48:17.454Z,2026-01-13,24,24,10.7
2025-02-21T14:31:28.896Z,2026-01-13,24,24,10.7
2025-02-21T19:33:33.046Z,2026-01-13,22,22,10.7
2025-02-21T20:21:55.458Z,2026-01-13,22,22,10.7
2025-02-24T16:04:32.554Z,2026-01-13,24,24,10.6
2025-02-24T19:52:24.750Z,2026-01-13,23,23,10.6
2025-02-24T20:50:07.073Z,2026-01-13,24,24,10.6
2025-02-24T22:36:48.372Z,2026-01-13,24,24,10.6
2025-02-25T17:30:01.170Z,2026-01-13,22,22,10.6
2025-02-25T18:12:46.807Z,2026-01-13,23,23,10.6
2025-02-25T21:40:25.132Z,2026-01-13,24,24,10.5
2025-02-25T23:49:57.211Z,2026-01-13,22,22,10.5
2025-03-04T20:07:41.394Z,2026-01-13,24,24,10.3
2025-03-04T20:46:04.630Z,2026-01-13,24,24,10.3
2025-03-04T20:46:52.206Z,2026-01-13,22,22,10.3
2025-03-05T18:23:29.250Z,2026-01-13,24,24,10.3
2025-03-06T14:46:16.612Z,2026-01-13,22,22,10.3
2025-03-06T15:10:01.636Z,2026-01-13,22,22,10.3
2025-03-06T19:32:59.050Z,2026-01-13,24,24,10.3
2025-03-06T21:23:44.951Z,2026-01-13,22,22,10.3
2025-03-07T12:11:10.748Z,2026-01-13,24,24,10.2
2025-03-07T15:26:47.976Z,2026-01-13,24,24,10.2
2025-03-07T20:55:01.767Z,2026-01-13,24,24,10.2
2025-03-10T14:26:59.310Z,2026-01-13,24,24,10.1
2025-03-10T16:45:41.053Z,2026-01-13,24,24,10.1
2025-03-10T16:45:59.891Z,2026-01-13,22,22,10.1
2025-03-10T18:04:13.105Z,2026-01-13,22,22,10.1
2025-03-10T21:16:17.064Z,2026-01-13,22,22,10.1
2025-03-11T17:37:49.552Z,2026-01-13,24,24,10.1
2025-03-12T14:07:59.335Z,2026-01-13,24,24,10.1
2025-03-12T15:33:19.957Z,2026-01-13,22,22,10.1
2025-03-12T20:14:47.776Z,2026-01-13,22,22,10.1
2025-03-12T21:50:08.477Z,2026-01-13,24,24,10.1
2025-03-13T12:44:49.198Z,2026-01-13,22,22,10.0
2025-03-14T15:32:37.505Z,2026-01-13,24,24,10.0
2025-03-17T13:25:00.502Z,2026-01-13,24,24,9.9
2025-03-17T14:32:47.335Z,2026-01-13,24,24,9.9
2025-03-17T16:05:50.528Z,2026-01-13,22,22,9.9
2025-03-17T18:53:00.290Z,2026-01-13,22,22,9.9
2025-03-17T22:43:17.860Z,2026-01-13,22,22,9.9
2025-03-18T15:37:36.622Z,2026-01-13,22,22,9.9
2025-03-18T19:07:22.019Z,2026-01-13,24,24,9.9
2025-03-18T19:32:39.595Z,2026-01-13,24,24,9.9
2025-03-18T21:16:54.881Z,2026-01-13,22,22,9.9
2025-03-19T14:57:04.291Z,2026-01-13,24,24,9.8
2025-03-19T16:11:32.715Z,2026-01-13,24,24,9.8
2025-03-19T21:36:37.429Z,2026-01-13,22,22,9.8
2025-03-20T12:26:12.614Z,2026-01-13,24,24,9.8
2025-03-20T16:34:06.801Z,2026-01-13,22,22,9.8
2025-03-20T17:54:47.418Z,2026-01-13,24,24,9.8
2025-03-20T19:17:13.009Z,2026-01-13,23,23,9.8
2025-03-20T21:11:35.075Z,2026-01-13,23,23,9.8
2025-03-21T13:28:59.655Z,2026-01-13,24,24,9.8
2025-03-21T21:56:01.695Z,2026-01-13,24,24,9.8
2025-03-24T11:06:44.213Z,2026-01-13,24,24,9.7
2025-03-24T19:45:22.880Z,2026-01-13,24,24,9.7
2025-03-25T17:44:01.980Z,2026-01-13,24,24,9.6
2025-03-25T18:58:58.761Z,2026-01-13,23,23,9.6
2025-03-25T19:11:06.748Z,2026-01-13,22,22,9.6
2025-03-26T12:20:57.971Z,2026-01-13,23,23,9.6
2025-03-26T17:14:50.188Z,2026-01-13,24,24,9.6
2025-03-26T18:15:29.408Z,2026-01-13,22,22,9.6
2025-03-26T22:05:10.070Z,2026-01-13,22,22,9.6
2025-03-26T22:49:23.542Z,2026-01-13,22,22,9.6
2025-03-28T19:13:37.446Z,2026-01-13,24,24,9.5
2025-03-28T20:14:21.419Z,2026-01-13,22,22,9.5
2025-04-01T18:09:10.049Z,2026-01-13,23,23,9.4
2025-04-03T16:19:58.238Z,2026-01-13,24,24,9.3
2025-04-03T18:49:56.705Z,2026-01-13,24,24,9.3
2025-04-03T19:28:20.262Z,2026-01-13,24,24,9.3
2025-04-07T12:18:39.983Z,2026-01-13,22,22,9.2
2025-04-07T14:15:38.894Z,2026-01-13,22,22,9.2
2025-04-07T19:20:54.505Z,2026-01-13,24,24,9.2
2025-04-07T20:49:50.975Z,2026-01-13,22,22,9.2
2025-04-08T19:46:04.555Z,2026-01-13,22,22,9.2
2025-04-09T12:24:58.507Z,2026-01-13,22,22,9.1
2025-04-11T12:18:01.980Z,2026-01-13,22,22,9.1
2025-04-11T17:32:29.477Z,2026-01-13,24,24,9.1
2025-04-11T20:39:52.635Z,2026-01-13,22,22,9.1
2025-04-14T13:34:06.547Z,2026-01-13,24,24,9.0
2025-04-14T14:17:03.237Z,2026-01-13,24,24,9.0
2025-04-14T16:57:08.782Z,2026-01-13,22,22,9.0
2025-04-14T19:21:01.583Z,2026-01-13,22,22,9.0
2025-04-14T21:23:00.293Z,2026-01-13,24,24,9.0
2025-04-15T13:37:52.873Z,2026-01-13,24,24,9.0
2024-09-04T13:54:03.768Z,2026-04-03,24,24,18.9
2025-02-21T20:27:07.788Z,2026-04-03,22,22,13.3
2025-04-10T17:50:20.457Z,2026-04-03,24,24,11.7
2025-04-15T21:47:52.628Z,2026-04-03,22,22,11.6
2025-04-16T11:39:38.297Z,2026-04-03,22,22,11.5
2025-04-17T12:55:38.199Z,2026-04-03,24,24,11.5
2025-04-17T14:43:15.518Z,2026-04-03,24,24,11.5
2025-04-17T20:59:39.485Z,2026-04-03,24,24,11.5
2025-04-18T14:42:42.879Z,2026-04-03,24,24,11.5
2025-04-18T16:46:04.882Z,2026-04-03,22,22,11.5
2025-04-18T19:21:48.871Z,2026-04-03,22,22,11.5
2025-04-21T18:02:06.624Z,2026-04-03,23,23,11.4
2025-04-22T19:17:32.140Z,2026-04-03,22,22,11.3
2025-04-22T20:37:03.128Z,2026-04-03,24,24,11.3
2025-04-23T15:36:59.234Z,2026-04-03,24,24,11.3
2025-04-23T17:27:46.805Z,2026-04-03,22,22,11.3
2025-04-24T11:03:31.894Z,2026-04-03,22,22,11.3
2025-04-24T15:41:30.811Z,2026-04-03,24,24,11.3
2025-04-25T13:49:22.177Z,2026-04-03,24,24,11.3
2025-04-25T17:02:33.094Z,2026-04-03,24,24,11.2
2025-04-25T19:05:20.079Z,2026-04-03,22,22,11.2
2025-04-25T19:31:41.956Z,2026-04-03,23,23,11.2
2025-04-25T19:35:32.297Z,2026-04-03,24,24,11.2
2025-04-25T20:32:16.301Z,2026-04-03,22,22,11.2
2025-04-28T13:22:47.542Z,2026-04-03,24,24,11.2
2025-04-28T18:27:09.972Z,2026-04-03,24,24,11.1
2025-04-29T15:48:08.476Z,2026-04-03,24,24,11.1
2025-04-30T17:54:23.077Z,2026-04-03,22,22,11.1
2025-05-01T15:16:45.267Z,2026-04-03,24,24,11.1
2025-05-01T17:42:23.070Z,2026-04-03,24,24,11.0
2025-05-01T17:55:32.802Z,2026-04-03,22,22,11.0
2025-05-02T13:12:23.341Z,2026-04-03,24,24,11.0
2025-05-02T15:36:07.280Z,2026-04-03,22,22,11.0
2025-05-02T18:08:22.896Z,2026-04-03,24,24,11.0
2025-05-02T21:07:10.958Z,2026-04-03,24,24,11.0
2025-05-02T22:43:57.588Z,2026-04-03,22,22,11.0
2025-05-05T15:40:54.661Z,2026-04-03,23,23,10.9
2025-05-05T16:02:52.835Z,2026-04-03,22,22,10.9
2025-05-05T16:55:06.460Z,2026-04-03,22,22,10.9
2025-05-06T14:36:41.383Z,2026-04-03,23,23,10.9
2025-05-06T15:06:46.128Z,2026-04-03,24,24,10.9
2025-05-06T21:48:00.992Z,2026-04-03,24,24,10.9
2025-05-07T15:27:52.996Z,2026-04-03,22,22,10.9
2025-05-07T18:48:37.304Z,2026-04-03,22,22,10.8
2025-05-08T12:52:50.241Z,2026-04-03,24,24,10.8
2025-05-08T18:20:36.349Z,2026-04-03,22,22,10.8
2025-05-09T16:03:54.675Z,2026-04-03,24,24,10.8
2025-05-12T18:24:34.467Z,2026-04-03,23,24,10.7
2025-05-12T22:05:33.382Z,2026-04-03,22,22,10.7
2025-05-13T18:44:09.659Z,2026-04-03,22,22,10.7
2025-05-14T14:47:57.264Z,2026-04-03,22,22,10.6
2025-05-15T16:43:55.604Z,2026-04-03,24,24,10.6
2025-05-16T14:00:59.970Z,2026-04-03,24,24,10.6
2025-05-16T21:03:57.144Z,2026-04-03,24,24,10.6
2025-05-20T12:36:43.966Z,2026-04-03,22,22,10.4
2025-05-21T14:40:22.753Z,2026-04-03,24,24,10.4
2025-05-21T22:00:03.205Z,2026-04-03,22,22,10.4
2025-05-22T22:00:43.471Z,2026-04-03,22,22,10.4
2025-05-27T20:00:10.557Z,2026-04-03,22,22,10.2
2025-05-27T20:07:36.934Z,2026-04-03,22,23,10.2
2025-05-27T20:13:23.011Z,2026-04-03,24,24,10.2
2025-05-28T18:28:55.085Z,2026-04-03,22,22,10.2
2025-05-28T21:34:29.849Z,2026-04-03,22,22,10.2
2025-05-29T21:39:54.412Z,2026-04-03,22,22,10.1
2025-05-30T18:52:07.828Z,2026-04-03,24,24,10.1
2025-06-02T14:45:54.887Z,2026-04-03,24,24,10.0
2025-06-02T20:49:35.025Z,2026-04-03,24,24,10.0
2025-06-03T13:54:00.174Z,2026-04-03,24,24,10.0
2025-06-03T22:39:08.402Z,2026-04-03,22,22,10.0
2025-06-03T22:49:17.668Z,2026-07-02,22,22,12.9
2025-06-04T15:06:16.715Z,2026-07-02,24,24,12.9
2025-06-04T19:57:02.475Z,2026-07-02,22,22,12.9
2025-06-04T22:56:26.593Z,2026-07-02,24,24,12.9
2025-06-05T17:28:46.616Z,2026-07-02,24,24,12.9
2025-06-06T15:41:20.135Z,2026-07-02,24,24,12.8
2025-06-06T16:02:49.384Z,2026-07-02,24,24,12.8
2025-06-06T18:58:22.041Z,2026-07-02,22,22,12.8
2025-06-06T18:58:55.535Z,2026-07-02,24,24,12.8
2025-06-09T18:40:27.250Z,2026-07-02,24,24,12.7
2025-06-09T21:43:21.004Z,2026-07-02,22,22,12.7
2025-06-09T21:46:59.097Z,2026-07-02,22,22,12.7
2025-06-11T18:13:38.173Z,2026-07-02,22,22,12.7
2025-06-11T22:07:54.617Z,2026-07-02,22,22,12.7
2025-06-13T15:27:21.771Z,2026-07-02,24,24,12.6
2025-06-13T16:08:23.370Z,2026-07-02,24,24,12.6
2025-06-16T13:16:28.944Z,2026-07-02,24,24,12.5
2025-06-17T22:17:42.392Z,2026-07-02,24,24,12.5
2025-06-18T19:12:27.350Z,2026-07-02,24,24,12.4
2025-06-20T13:44:16.077Z,2026-07-02,24,24,12.4
2025-06-20T20:10:19.905Z,2026-07-02,22,22,12.4
2025-06-20T20:23:41.838Z,2026-07-02,22,24,12.4
2025-06-23T17:00:37.090Z,2026-07-02,22,22,12.3
2025-06-23T17:06:17.441Z,2026-07-02,22,22,12.3
2025-06-25T11:15:20.661Z,2026-07-02,22,22,12.2
2025-06-25T12:42:16.191Z,2026-07-02,24,24,12.2
2025-06-25T17:14:10.514Z,2026-07-02,22,22,12.2
2025-06-25T20:19:12.260Z,2026-07-02,22,22,12.2
2025-06-26T20:17:25.111Z,2026-07-02,24,24,12.2
2025-06-27T15:54:20.648Z,2026-07-02,22,22,12.1
2025-06-27T19:00:04.714Z,2026-07-02,24,24,12.1
2025-06-27T21:34:04.751Z,2026-07-02,22,22,12.1
2025-07-01T12:55:12.823Z,2026-07-02,23,23,12.0
2025-07-01T22:54:27.602Z,2026-07-02,22,22,12.0
2025-07-02T15:14:06.964Z,2026-07-02,22,22,12.0
2025-07-02T21:42:15.547Z,2026-07-02,24,24,12.0
2025-07-03T18:08:55.362Z,2026-07-02,22,22,11.9
2025-07-03T22:26:01.706Z,2026-07-02,22,22,11.9
2025-07-07T12:37:16.766Z,2026-07-02,22,22,11.8
2025-07-07T16:03:41.727Z,2026-07-02,22,22,11.8
2025-07-07T22:17:42.183Z,2026-07-02,22,22,11.8
2025-07-09T13:21:40.114Z,2026-07-02,24,24,11.7
2025-07-09T13:43:24.807Z,2026-07-02,24,24,11.7
2025-07-10T19:39:53.594Z,2026-07-02,24,24,11.7
2025-07-11T14:43:03.072Z,2026-07-02,22,22,11.7
2025-07-11T18:47:47.756Z,2026-07-02,24,24,11.7
2025-07-11T20:50:05.359Z,2026-07-02,22,22,11.7
2025-07-14T19:28:03.982Z,2026-07-02,24,24,11.6
2025-07-15T17:50:38.803Z,2026-07-02,24,24,11.5
2025-07-15T22:13:56.398Z,2026-07-02,22,22,11.5
2025-07-16T12:50:10.162Z,2026-07-02,22,22,11.5
2025-07-16T17:02:34.748Z,2026-07-02,24,24,11.5
2025-07-18T13:05:11.971Z,2026-07-02,24,24,11.4
2025-07-18T16:56:21.635Z,2026-07-02,23,23,11.4
2025-07-21T14:41:41.256Z,2026-07-02,22,22,11.3
2025-07-21T20:40:48.390Z,2026-07-02,24,24,11.3
2025-07-22T15:39:13.039Z,2026-07-02,24,24,11.3
2025-07-23T20:09:48.795Z,2026-07-02,22,22,11.3
2025-07-24T12:47:21.952Z,2026-07-02,23,23,11.3
2025-07-24T14:19:17.096Z,2026-07-02,24,24,11.2
2025-07-24T16:16:25.333Z,2026-07-02,22,22,11.2
2025-07-24T16:35:00.850Z,2026-07-02,22,22,11.2
2025-07-29T21:21:40.775Z,2026-07-02,23,23,11.1
2025-07-29T22:06:05.617Z,2026-07-02,24,24,11.1
2025-07-31T11:08:12.631Z,2026-07-02,22,22,11.0
2025-07-31T13:06:37.215Z,2026-07-02,24,24,11.0
2025-07-31T20:30:06.970Z,2026-07-02,24,24,11.0
2025-07-31T20:38:02.071Z,2026-07-02,24,24,11.0
2025-07-31T22:48:39.559Z,2026-07-02,22,22,11.0
2025-08-04T16:48:49.035Z,2026-07-02,24,24,10.9
2025-08-04T18:21:13.331Z,2026-07-02,23,23,10.9
2025-08-04T20:52:21.127Z,2026-07-02,23,23,10.9
2025-08-06T16:03:53.813Z,2026-07-02,22,22,10.8
2025-08-06T16:08:23.203Z,2026-07-02,24,24,10.8
2025-08-06T16:23:46.419Z,2026-07-02,23,23,10.8
2025-08-08T16:18:12.511Z,2026-07-02,22,22,10.8
2025-08-08T16:57:37.922Z,2026-07-02,24,24,10.8
2025-08-11T14:06:55.048Z,2026-07-02,22,22,10.7
2025-08-11T17:07:06.851Z,2026-07-02,23,24,10.7
2025-08-13T16:59:22.294Z,2026-07-02,22,24,10.6
2025-08-14T13:35:03.440Z,2026-07-02,24,24,10.6
2025-08-15T15:54:44.884Z,2026-07-02,23,23,10.5
2025-08-15T20:16:34.632Z,2026-07-02,22,22,10.5
2025-08-15T20:40:21.765Z,2026-07-02,24,24,10.5
2025-08-15T21:05:43.634Z,2026-07-02,24,24,10.5
2025-08-15T21:20:52.010Z,2026-07-02,24,24,10.5
2025-08-18T18:54:59.090Z,2026-07-02,22,22,10.4
2025-08-18T19:04:29.378Z,2026-07-02,22,22,10.4
2025-08-19T15:50:45.044Z,2026-07-02,24,24,10.4
2025-08-19T21:09:46.850Z,2026-07-02,24,24,10.4
2025-08-20T11:51:34.086Z,2026-07-02,24,24,10.4
2025-08-20T16:45:15.857Z,2026-07-02,24,24,10.4
2025-08-20T20:02:13.085Z,2026-07-02,24,24,10.4
2025-08-21T13:38:09.744Z,2026-07-02,24,24,10.3
2025-08-21T20:21:47.171Z,2026-07-02,22,22,10.3
2025-08-22T12:27:42.302Z,2026-07-02,24,24,10.3
2025-08-25T13:18:52.362Z,2026-07-02,24,24,10.2
2025-08-26T19:29:50.045Z,2026-07-02,24,24,10.2
2025-08-26T22:33:59.730Z,2026-07-02,24,24,10.2
2025-08-27T16:55:05.098Z,2026-07-02,23,23,10.1
2025-08-27T20:29:05.576Z,2026-07-02,23,23,10.1
2025-08-27T20:38:15.004Z,2026-07-02,22,22,10.1
2025-08-28T21:52:12.220Z,2026-07-02,22,22,10.1
2025-09-02T22:55:42.123Z,2026-07-02,22,22,9.9
2025-09-03T15:43:32.772Z,2026-07-02,22,22,9.9
2025-09-04T15:44:40.197Z,2026-07-02,22,23,9.9
2025-09-04T19:03:56.236Z,2026-07-02,22,22,9.9
2025-09-04T22:35:03.646Z,2026-07-02,22,22,9.9
2025-09-05T17:51:05.584Z,2026-07-02,22,22,9.8
2025-09-09T12:59:04.536Z,2026-07-02,24,24,9.7
2025-09-11T16:53:50.688Z,2026-07-02,22,22,9.6
2025-09-11T19:36:49.812Z,2026-07-02,24,24,9.6
2025-09-12T22:55:00.441Z,2026-07-02,24,24,9.6
2025-09-15T14:26:22.282Z,2026-07-02,24,24,9.5
2025-09-16T15:59:47.024Z,2026-07-02,22,22,9.5
2025-09-17T14:22:43.308Z,2026-07-02,22,22,9.4
2025-09-17T17:38:31.840Z,2026-07-02,24,24,9.4
2025-09-17T19:25:55.809Z,2026-07-02,23,24,9.4
2025-09-17T22:22:18.103Z,2026-07-02,24,24,9.4
2025-09-18T12:59:59.087Z,2026-07-02,22,22,9.4
2025-09-18T22:07:19.699Z,2026-07-02,22,22,9.4
2025-09-19T11:15:50.211Z,2026-07-02,24,24,9.4
2025-09-19T12:58:46.622Z,2026-07-02,24,24,9.4
2025-09-19T13:10:00.499Z,2026-07-02,24,24,9.4
2025-09-19T13:43:33.387Z,2026-07-02,22,22,9.4
2025-09-19T15:17:38.514Z,2026-07-02,24,24,9.4
2025-09-19T21:07:39.112Z,2026-07-02,22,22,9.4
2025-09-22T10:53:18.374Z,2026-07-02,24,24,9.3
2025-09-22T12:53:55.435Z,2026-07-02,24,24,9.3
2025-09-22T21:41:03.031Z,2026-07-02,22,22,9.3
2025-09-23T20:59:10.845Z,2026-07-02,23,23,9.2
2025-09-23T21:31:38.814Z,2026-07-02,24,24,9.2
2025-09-23T21:32:37.994Z,2026-07-02,22,22,9.2
2025-09-24T16:35:27.435Z,2026-07-02,22,22,9.2
2025-09-24T22:36:52.339Z,2026-07-02,24,24,9.2
2025-09-25T13:11:18.167Z,2026-07-02,22,22,9.2
2025-09-25T18:46:49.430Z,2026-07-02,22,22,9.2
2025-09-25T19:00:05.654Z,2026-07-02,24,24,9.2
2025-09-26T13:38:48.945Z,2026-07-02,24,24,9.1
2025-09-26T16:14:49.716Z,2026-07-02,22,22,9.1
2025-09-26T16:40:34.000Z,2026-07-02,24,24,9.1
2025-09-26T19:03:03.446Z,2026-07-02,24,24,9.1
2025-09-26T23:00:18.093Z,2026-07-02,24,24,9.1
2025-09-30T12:03:23.902Z,2026-07-02,24,24,9.0
2025-09-30T14:17:10.924Z,2026-07-02,24,24,9.0
2025-10-01T12:00:59.339Z,2026-07-02,24,24,9.0
2025-10-01T17:47:02.062Z,2026-07-02,22,22,9.0
2025-10-02T17:17:50.973Z,2026-07-02,24,24,8.9
2025-10-02T21:54:39.206Z,2026-07-02,24,24,8.9
2025-10-06T13:02:30.106Z,2026-07-02,24,24,8.8
2025-10-07T22:08:57.765Z,2026-07-02,22,22,8.8
2025-10-08T19:27:16.475Z,2026-07-02,22,22,8.7
2025-10-08T21:32:55.136Z,2026-07-02,22,22,8.7
2025-10-09T14:46:23.112Z,2026-07-02,22,22,8.7
2025-10-09T14:50:15.555Z,2026-07-02,24,24,8.7
2025-10-09T18:59:20.867Z,2026-07-02,22,22,8.7
2025-10-09T20:15:37.953Z,2026-07-02,22,22,8.7
2025-10-09T21:36:56.658Z,2026-07-02,22,22,8.7
2025-10-09T21:58:44.918Z,2026-07-02,22,22,8.7
2025-10-09T22:03:27.671Z,2026-07-02,24,24,8.7
2025-10-10T15:36:10.862Z,2026-07-02,24,24,8.7
2025-10-10T15:47:07.491Z,2026-07-02,22,22,8.7
2025-10-10T16:42:07.348Z,2026-07-02,24,24,8.7
2025-10-10T21:11:36.294Z,2026-07-02,22,22,8.7
2025-10-13T12:49:28.253Z,2026-07-02,23,23,8.6
2025-10-13T16:15:51.883Z,2026-07-02,22,22,8.6
2025-10-13T17:13:53.330Z,2026-07-02,23,23,8.6
2025-10-13T17:15:41.627Z,2026-07-02,22,22,8.6
2025-10-13T17:18:43.489Z,2026-07-02,22,22,8.6
2025-10-13T17:21:25.358Z,2026-07-02,22,22,8.6
2025-10-13T19:01:18.338Z,2026-07-02,22,22,8.6
2025-10-14T13:27:15.772Z,2026-07-02,22,22,8.6
2025-10-14T17:52:22.891Z,2026-07-02,24,24,8.6
2025-10-14T18:52:31.726Z,2026-07-02,22,22,8.5
2025-10-14T20:45:02.430Z,2026-07-02,23,23,8.5
2025-10-15T15:20:06.699Z,2026-07-02,22,22,8.5
2025-10-15T18:10:18.172Z,2026-07-02,22,22,8.5
2025-10-15T20:47:27.399Z,2026-07-02,22,22,8.5
2025-10-15T21:24:02.259Z,2026-07-02,24,24,8.5
2025-10-17T17:32:14.523Z,2026-07-02,24,24,8.5
2025-10-17T20:25:22.227Z,2026-07-02,24,24,8.4
2025-10-20T14:41:22.204Z,2026-07-02,24,24,8.4
2025-10-22T17:19:44.534Z,2026-07-02,24,24,8.3
2025-10-22T17:32:34.791Z,2026-07-02,24,24,8.3
2025-10-22T19:22:29.950Z,2026-07-02,24,24,8.3
2025-10-24T16:15:21.016Z,2026-07-02,24,24,8.2
2025-10-28T18:12:05.277Z,2026-07-02,24,24,8.1
2025-10-28T19:47:52.077Z,2026-07-02,24,24,8.1
2025-10-28T21:17:29.604Z,2026-07-02,24,24,8.1
2025-10-28T22:58:47.554Z,2026-07-02,24,24,8.1
2025-10-29T14:50:35.067Z,2026-07-02,24,24,8.1
2025-10-30T13:41:34.432Z,2026-07-02,24,24,8.0
2025-10-30T17:57:39.404Z,2026-07-02,24,24,8.0
2025-10-30T20:05:27.469Z,2026-07-02,24,24,8.0
2025-10-31T15:08:30.117Z,2026-07-02,24,24,8.0
2025-10-31T19:42:22.245Z,2026-07-02,24,24,8.0
2025-11-05T23:37:20.261Z,2026-07-02,24,24,7.8
2025-11-06T22:11:29.907Z,2026-07-02,24,24,7.8
2025-11-07T17:40:58.800Z,2026-07-02,24,24,7.8
2025-11-07T18:15:24.389Z,2026-07-02,24,24,7.8
2025-11-10T12:25:37.837Z,2026-07-02,24,24,7.7
2025-11-13T20:12:55.903Z,2026-07-02,24,24,7.6
2025-11-13T20:16:57.957Z,2026-07-02,24,24,7.6
2025-11-14T23:37:29.408Z,2026-07-02,24,24,7.5
2025-11-18T15:26:41.240Z,2026-07-02,24,24,7.4
2025-11-18T17:18:42.048Z,2026-07-02,24,24,7.4
2025-11-18T23:29:56.981Z,2026-07-02,24,24,7.4
2025-11-19T15:57:29.669Z,2026-07-02,24,24,7.4
2025-11-19T19:37:03.280Z,2026-07-02,24,24,7.4
2025-11-20T15:30:56.473Z,2026-07-02,24,24,7.3
2025-11-20T22:20:51.307Z,2026-07-02,24,24,7.3
2025-11-26T19:05:40.061Z,2026-07-02,24,24,7.1
2025-12-01T16:41:43.550Z,2026-07-02,24,24,7.0
2025-12-02T23:19:29.502Z,2026-07-02,24,24,6.9
2025-12-04T14:48:20.981Z,2026-07-02,24,24,6.9
2025-12-08T19:53:14.604Z,2026-07-02,24,24,6.7
2025-12-10T16:03:50.257Z,2026-07-02,24,24,6.7
2025-12-15T14:01:54.203Z,2026-07-02,24,24,6.5
2025-12-15T22:13:31.186Z,2026-07-02,24,24,6.5
2025-12-16T12:04:04.680Z,2026-07-02,24,24,6.5
2025-12-16T13:01:07.380Z,2026-07-02,24,24,6.5
2025-12-16T13:13:42.452Z,2026-07-02,24,24,6.5
2025-12-16T17:23:59.388Z,2026-07-02,24,24,6.5
2025-12-16T22:53:53.618Z,2026-07-02,24,24,6.5
2025-12-18T18:00:29.636Z,2026-07-02,24,24,6.4
2025-12-18T21:58:15.792Z,2026-07-02,24,24,6.4
2025-12-22T21:29:08.848Z,2026-07-02,24,24,6.3
2025-12-23T21:06:44.348Z,2026-07-02,24,24,6.2
2025-12-23T21:54:28.226Z,2026-07-02,24,24,6.2
2025-12-24T23:43:30.291Z,2026-07-02,24,24,6.2
2025-12-29T18:43:24.751Z,2026-07-02,24,24,6.1
2025-12-29T20:03:54.072Z,2026-07-02,24,24,6.1
2025-12-30T12:34:18.898Z,2026-07-02,24,24,6.0
2025-12-31T20:25:50.368Z,2026-07-02,24,24,6.0
2026-01-02T21:58:30.400Z,2026-07-02,24,24,5.9
2026-01-06T15:01:18.152Z,2026-07-02,24,24,5.8
2026-01-06T15:18:53.960Z,2026-07-02,24,24,5.8
2026-01-06T16:45:34.811Z,2026-07-02,24,24,5.8
2026-01-13T22:27:36.325Z,2026-07-02,24,24,5.6
2026-01-13T22:52:05.104Z,2026-07-02,24,24,5.6
2026-01-14T14:11:31.254Z,2026-07-02,24,24,5.5
2026-01-15T01:19:15.346Z,2026-07-02,24,24,5.5
2026-01-15T14:53:58.844Z,2026-07-02,24,24,5.5
2026-01-15T20:14:49.823Z,2026-07-02,24,24,5.5
2026-01-20T15:52:30.643Z,2026-07-02,24,24,5.3
2026-01-21T18:38:46.018Z,2026-07-02,24,24,5.3
2026-01-22T17:13:25.318Z,2026-07-02,24,24,5.3
2026-01-23T17:42:07.536Z,2026-07-02,24,24,5.2
2026-01-28T22:38:24.042Z,2026-07-02,24,24,5.1
2026-01-29T18:51:06.941Z,2026-07-02,24,24,5.0
2026-01-29T22:10:43.865Z,2026-07-02,24,24,5.0
2026-01-30T14:52:35.725Z,2026-07-02,24,24,5.0
2026-01-30T16:59:46.750Z,2026-07-02,24,24,5.0
2026-02-02T17:50:35.744Z,2026-07-02,24,24,4.9
2026-02-02T17:55:48.861Z,2026-07-02,24,24,4.9
2026-02-03T18:03:08.556Z,2026-07-02,24,24,4.9
2026-02-03T20:29:12.207Z,2026-07-02,24,24,4.9
2026-02-05T15:59:44.111Z,2026-07-02,24,24,4.8
2026-02-05T23:27:44.573Z,2026-07-02,24,24,4.8
2026-02-06T17:02:29.764Z,2026-07-02,24,24,4.8
2026-02-10T19:04:20.412Z,2026-07-02,24,24,4.6
2026-02-11T19:00:11.613Z,2026-07-02,24,24,4.6
2026-02-12T16:12:41.297Z,2026-07-02,24,24,4.6
2026-02-13T20:04:47.798Z,2026-07-02,24,24,4.5
2026-02-17T19:10:43.111Z,2026-07-02,24,24,4.4
2026-02-18T15:20:18.700Z,2026-07-02,24,24,4.4
2026-02-23T15:02:30.523Z,2026-07-02,24,24,4.2
2026-02-23T18:25:10.197Z,2026-07-02,24,24,4.2
2026-02-23T20:12:23.398Z,2026-07-02,24,24,4.2
2026-02-24T21:24:29.546Z,2026-07-02,24,24,4.2
2026-02-25T12:26:06.226Z,2026-07-02,24,24,4.2
2026-02-25T23:24:27.938Z,2026-07-02,24,24,4.1
