CIDR Prefix,Date Reissued
104.152.80.0/21,3/25/20
104.255.220.0/22,3/25/20
141.193.4.0/24,3/25/20
142.202.80.0/24,3/25/20
158.51.208.0/24,3/25/20
158.51.88.0/23,3/25/20
162.216.128.0/22,3/25/20
162.254.176.0/22,3/25/20
172.83.207.0/24,3/25/20
192.111.80.0/22,3/25/20
192.133.4.0/24,3/25/20
192.150.123.0/24,3/25/20
192.206.23.0/24,3/25/20
192.35.181.0/24,3/25/20
192.69.136.0/22,3/25/20
192.92.85.0/24,3/25/20
198.199.14.0/23,3/25/20
198.200.28.0/22,3/25/20
198.205.6.0/23,3/25/20
198.212.8.0/21,3/25/20
198.51.152.0/24,3/25/20
198.89.188.0/23,3/25/20
198.96.0.0/24,3/25/20
199.119.72.0/22,3/25/20
199.255.74.0/23,3/25/20
199.255.76.0/22,3/25/20
199.38.208.0/21,3/25/20
199.58.88.0/22,3/25/20
199.88.240.0/24,3/25/20
204.10.112.0/22,3/25/20
204.10.116.0/22,3/25/20
204.10.164.0/22,3/25/20
204.107.216.0/24,3/25/20
204.107.89.0/24,3/25/20
204.238.70.0/24,3/25/20
204.29.213.0/24,3/25/20
205.166.179.0/24,3/25/20
205.167.54.0/23,3/25/20
206.83.144.0/20,3/25/20
207.174.220.0/22,3/25/20
208.64.34.0/23,3/25/20
208.69.184.0/21,3/25/20
208.74.13.0/24,3/25/20
208.76.20.0/22,3/25/20
208.80.92.0/22,3/25/20
208.82.60.0/22,3/25/20
208.86.32.0/22,3/25/20
208.94.132.0/22,3/25/20
209.160.108.0/24,3/25/20
209.160.110.0/23,3/25/20
216.152.64.0/20,3/25/20
216.176.32.0/20,3/25/20
64.32.32.0/19,3/25/20
64.40.16.0/20,3/25/20
64.66.240.0/20,3/25/20
66.97.112.0/20,3/25/20
67.208.48.0/20,3/25/20
67.219.128.0/20,3/25/20
134.195.0.0/16,6/25/20
139.64.128.0/22,6/25/20
162.210.132.0/22,6/25/20
162.246.232.0/23,6/25/20
162.248.172.0/22,6/25/20
170.39.0.0/16,6/25/20
192.102.13.0/24,6/25/20
192.124.44.0/24,6/25/20
192.140.0.0/24,6/25/20
192.163.24.0/22,6/25/20
192.163.28.0/22,6/25/20
192.245.195.0/24,6/25/20
192.67.0.0/24,6/25/20
192.84.24.0/24,6/25/20
192.92.85.0/24,6/25/20
198.13.74.0/23,6/25/20
198.169.0.0/24,6/25/20
198.38.13.0/24,6/25/20
199.101.216.0/22,6/25/20
199.245.176.0/24,6/25/20
199.248.189.0/24,6/25/20
199.255.148.0/22,6/25/20
204.11.144.0/22,6/25/20
204.124.203.0/24,6/25/20
204.138.99.0/24,6/25/20
204.15.208.0/22,6/25/20
204.15.212.0/22,6/25/20
204.87.203.0/24,6/25/20
208.95.4.0/22,6/25/20
216.117.220.0/24,6/25/20
216.185.208.0/22,6/25/20
216.185.212.0/22,6/25/20
216.185.216.0/22,6/25/20
216.185.220.0/22,6/25/20
64.32.46.0/23,6/25/20
64.40.16.0/22,6/25/20
69.160.161.0/24,6/25/20
104.167.192.0/18,1/5/21
104.224.0.0/18,1/5/21
148.59.132.0/24,1/5/21
150.242.220.0/22,1/5/21
155.254.192.0/18,1/5/21
169.197.128.0/18,1/5/21
172.99.128.0/17,1/5/21
192.189.65.0/24,1/5/21
192.240.47.0/24,1/5/21
192.48.102.0/23,1/5/21
198.207.8.0/21,1/5/21
198.89.85.0/24,1/5/21
199.248.6.0/23,1/5/21
199.71.180.0/23,1/5/21
199.83.168.0/21,1/5/21
199.87.248.0/21,1/5/21
199.9.20.0/22,1/5/21
204.87.170.0/24,1/5/21
205.233.75.0/24,1/5/21
74.117.196.0/22,1/5/21
74.119.4.0/22,1/5/21
74.121.176.0/22,1/5/21
104.166.96.0/19,4/6/21
104.247.96.0 /19,4/6/21
104.250.224.0 /19,4/6/21
172.111.0.0/18,4/6/21
172.98.0.0/18,4/6/21
209.209.0.0/17,4/6/21
45.41.0.0/18,4/6/21
45.45.128.0/17,4/6/21
45.59.128.0/18,4/6/21
64.112.0.0/17,4/6/21
161.129.180.0/22,10/1/21
162.245.100.0/22,10/1/21
165.140.0.0/16,10/1/21
173.249.160.0/19,10/1/21
192.104.61.0/24,10/1/21
192.133.6.0/24,10/1/21
192.138.164.0/24,10/1/21
192.149.39.0/24,10/1/21
192.234.37.0/24,10/1/21
192.41.102.0/24,10/1/21
192.41.228.0/24,10/1/21
192.67.160.0/22,10/1/21
198.135.126.0/24,10/1/21
198.136.156.0/24,10/1/21
198.140.182.0/24,10/1/21
198.160.255.0/24,10/1/21
198.252.204.0/23,10/1/21
198.54.136.0/22,10/1/21
198.73.190.0/24,10/1/21
199.181.240.0/24,10/1/21
199.182.206.0/24,10/1/21
199.189.172.0/22,10/1/21
199.190.162.0/24,10/1/21
199.255.16.0/21,10/1/21
199.255.224.0/22,10/1/21
204.128.198.0/24,10/1/21
204.13.148.0/22,10/1/21
204.137.12.0/24,10/1/21
204.137.14.0/24,10/1/21
204.19.0.0/24,10/1/21
204.27.203.0/24,10/1/21
204.69.166.0/23,10/1/21
205.159.34.0/24,10/1/21
205.166.247.0/24,10/1/21
205.166.64.0/24,10/1/21
208.92.155.0/24,10/1/21
208.99.0.0/18,10/1/21
209.182.96.0/21,10/1/21
216.39.224.0/19,10/1/21
216.73.128.0/18,10/1/21
23.247.128.0/17,10/1/21
64.234.115.0/24,10/1/21
64.234.224.0/20,10/1/21
66.118.0.0/18,10/1/21
66.118.224.0/19,10/1/21
72.18.64.0/19,10/1/21
74.123.96.0/21,10/1/21
104.156.128.0/19,1/4/22
104.232.10.0/23,1/4/22
104.249.160.0/22,1/4/22
108.160.208.0/20,1/4/22
142.147.62.0/23,1/4/22
142.147.64.0/23,1/4/22
162.222.220.0/22,1/4/22
173.0.0.0/20,1/4/22
174.136.192.0/18,1/4/22
192.101.46.0/23,1/4/22
192.133.49.0/24,1/4/22
192.150.213.0/24,1/4/22
192.64.165.0/24,1/4/22
192.84.20.0/24,1/4/22
192.84.54.0/24,1/4/22
199.119.67.0/24,1/4/22
199.200.52.0/22,1/4/22
207.167.64.0/18,1/4/22
207.174.168.0/22,1/4/22
207.2.112.0/20,1/4/22
207.90.192.0/18,1/4/22
208.103.152.0/24,1/4/22
208.66.92.0/22,1/4/22
208.73.40.0/22,1/4/22
208.74.40.0/22,1/4/22
209.142.113.0/24,1/4/22
216.99.192.0/23,1/4/22
216.99.196.0/23,1/4/22
45.41.232.0/24,1/4/22
45.41.5.0/24,1/4/22
45.42.226.0/24,1/4/22
52.129.46.0/23,1/4/22
63.133.208.0/20,1/4/22
64.20.208.0/20,1/4/22
66.187.192.0/20,1/4/22
66.59.192.0/19,1/4/22
68.69.176.0/20,1/4/22
69.64.115.0/24,1/4/22
74.117.172.0/22,1/4/22
162.217.128.0/22,4/8/22
142.202.90.0/23,4/8/22
162.253.244.0/22,4/8/22
104.166.112.0/24,4/8/22
192.69.184.0/22,4/8/22
192.77.182.0/23,4/8/22
192.82.246.0/23,4/8/22
139.64.202.0/24,4/8/22
142.147.75.0/24,4/8/22
192.104.34.0/24,4/8/22
199.167.184.0/22,4/8/22
198.45.114.0/23,4/8/22
199.253.28.0/22,4/8/22
204.10.192.0/22,4/8/22
192.43.246.0/24,4/8/22
204.152.22.0/23,4/8/22
204.10.32.0/22,4/8/22
204.153.26.0/23,4/8/22
104.232.10.0/23,4/8/22
192.55.225.0/24,4/8/22
64.56.220.0/23,4/8/22
64.56.222.0/23,4/8/22
74.123.136.0/22,4/8/22
74.123.140.0/22,4/8/22
204.144.120.0/22,4/8/22
192.80.56.0/24,4/8/22
204.144.124.0/22,4/8/22
216.170.96.0/22,4/8/22
216.146.0.0/19,4/8/22
204.197.160.0/20,4/8/22
216.170.100.0/22,4/8/22
216.170.104.0/21,4/8/22
216.146.0.0/19,4/8/22
204.197.160.0/20,4/8/22
216.170.100.0/22,4/8/22
216.170.104.0/21,4/8/22
192.81.89.0/24,4/8/22
198.206.157.0/24,4/8/22
198.49.200.0/24,4/8/22
198.51.131.0/24,4/8/22
198.62.196.0/24,4/8/22
198.62.197.0/24,4/8/22
198.97.52.0/24,4/8/22
199.195.5.0/24,4/8/22
199.33.118.0/24,4/8/22
199.58.13.0/24,4/8/22
204.128.198.0/24,4/8/22
204.156.121.0/24,4/8/22
204.225.223.0/24,4/8/22
204.27.186.0/24,4/8/22
204.69.221.0/24,4/8/22
204.76.203.0/24,4/8/22
204.8.238.0/24,4/8/22
205.189.203.0/24,4/8/22
205.207.186.0/24,4/8/22
205.233.14.0/24,4/8/22
205.234.116.0/24,4/8/22
206.223.114.0/24,4/8/22
216.230.28.0/24,4/8/22
66.85.255.0/24,4/8/22
74.116.48.0/24,4/8/22
199.181.255.0/24,4/8/22
45.41.5.0/24,4/8/22
66.59.194.0/24,4/8/22
174.136.254.0/24,4/8/22
69.50.80.0/20,7/1/22
199.202.224.0/21,7/1/22
198.244.12.0/22,7/1/22
104.244.32.0/22,7/1/22
199.87.4.0/22,7/1/22
207.241.196.0/22,7/1/22
208.67.104.0/22,7/1/22
199.116.52.0/22,7/1/22
208.81.16.0/22,7/1/22
208.83.12.0/22,7/1/22
199.7.140.0/22,7/1/22
199.83.26.0/23,7/1/22
204.128.220.0/24,7/1/22
192.12.119.0/24,7/1/22
216.21.17.0/24,7/1/22
192.26.20.0/24,7/1/22
64.32.48.0/24,7/1/22
199.26.219.0/24,7/1/22
208.74.13.0/24,7/1/22
192.149.81.0/24,7/1/22
198.137.248.0/24,7/1/22
198.137.201.0/24,7/1/22
192.147.37.0/24,7/1/22
192.33.252.0/24,7/1/22
198.203.173.0/24,7/1/22
198.72.13.0/24,7/1/22
192.234.222.0/24,7/1/22
199.185.13.0/24,7/1/22
198.62.160.0/24,7/1/22
204.239.2.0/24,7/1/22
204.239.24.0/24,7/1/22
204.225.120.0/24,7/1/22
198.137.135.0/24,7/1/22
204.126.252.0/24,7/1/22
192.112.210.0/24,7/1/22
192.67.63.0/24,7/1/22
52.129.24.0/22,10/3/22
63.141.38.0/24,10/3/22
65.75.192.0/20,10/3/22
65.75.208.0/21,10/3/22
65.75.218.0/23,10/3/22
65.75.220.0/22,10/3/22
66.245.160.0/20,10/3/22
69.80.226.0/23,10/3/22
104.37.40.0/22,10/3/22
128.254.128.0/17,10/3/22
161.199.144.0/24,10/3/22
192.112.150.0/24,10/3/22
192.169.2.0/23,10/3/22
192.169.4.0/24,10/3/22
192.40.40.0/23,10/3/22
198.168.122.0/23,10/3/22
198.186.130.0/23,10/3/22
198.199.145.0/24,10/3/22
198.246.233.0/24,10/3/22
198.27.57.0/24,10/3/22
198.62.136.0/24,10/3/22
198.8.58.0/23,10/3/22
199.192.196.0/22,10/3/22
199.73.88.0/21,10/3/22
206.168.2.0/23,10/3/22
207.229.95.0/24,10/3/22
208.93.164.0/22,10/3/22
209.177.79.0/24,10/3/22
216.40.64.0/23,10/3/22
64.93.64.0/19,12/19/22
45.59.96.0/20,12/19/22
65.97.48.0/20,12/19/22
72.172.64.0/20,12/19/22
162.222.104.0/22,12/19/22
162.249.56.0/22,12/19/22
204.8.96.0/22,12/19/22
198.184.26.0/23,12/19/22
206.209.98.0/23,12/19/22
173.243.228.0/24,12/19/22
192.112.37.0/24,12/19/22
199.33.93.0/24,12/19/22
192.80.10.0/24,12/19/22
107.191.76.0/24,12/19/22
205.207.66.0/24,12/19/22
205.236.99.0/24,12/19/22
204.62.182.0/24,12/19/22
204.153.7.0/24,12/19/22
216.10.69.0/24,12/19/22
199.4.135.0/24,12/19/22
206.209.107.0/24,12/19/22
192.65.172.0/24,12/19/22
204.89.218.0/24,12/19/22
199.89.230.0/24,12/19/22
216.211.192.0/19,4/4/23
104.245.228.0/22,4/4/23
199.58.92.0/22,4/4/23
165.140.216.0/22,4/4/23
104.167.244.0/24,4/4/23
141.193.44.0/22,4/4/23
169.197.135.0/24,4/4/23
173.243.237.0/24,4/4/23
198.190.197.0/24,4/4/23
199.96.68.0/22,4/4/23
208.64.108.0/22,4/4/23
208.64.216.0/21,4/4/23
208.94.140.0/22,4/4/23
104.218.238.0/24,4/4/23
104.36.226.0/24,4/4/23
198.168.40.0/23,4/4/23
198.180.255.0/24,4/4/23
208.73.212.0/22,4/4/23
204.13.160.0/22,4/4/23
208.87.20.0/22,4/4/23
74.122.100.0/22,4/4/23
104.152.48.0/22,4/4/23
207.174.32.0/19,4/4/23
206.168.128.0/20,4/4/23
206.168.192.0/20,4/4/23
206.168.48.0/20,4/4/23
206.168.80.0/20,4/4/23
207.174.80.0/20,4/4/23
206.168.144.0/21,4/4/23
206.168.160.0/21,4/4/23
206.168.208.0/21,4/4/23
206.168.232.0/21,4/4/23
206.168.240.0/21,4/4/23
207.174.0.0/21,4/4/23
207.174.120.0/21,4/4/23
207.174.24.0/21,4/4/23
207.174.64.0/21,4/4/23
206.168.176.0/21,4/4/23
206.168.252.0/22,4/4/23
207.174.12.0/22,4/4/23
207.174.16.0/22,4/4/23
207.174.100.0/22,4/4/23
207.174.104.0/22,4/4/23
206.168.154.0/23,4/4/23
206.168.190.0/23,4/4/23
206.168.250.0/23,4/4/23
207.174.118.0/23,4/4/23
207.174.74.0/23,4/4/23
207.174.78.0/23,4/4/23
207.174.96.0/23,4/4/23
207.174.10.0/23,4/4/23
207.174.108.0/23,4/4/23
206.168.174.0/23,4/4/23
206.168.184.0/23,4/4/23
206.168.152.0/24,4/4/23
206.168.221.0/24,4/4/23
206.168.248.0/24,4/4/23
207.174.112.0/24,4/4/23
207.174.115.0/24,4/4/23
207.174.116.0/24,4/4/23
207.174.22.0/24,4/4/23
207.174.9.0/24,4/4/23
207.174.20.0/24,4/4/23
207.174.99.0/24,4/4/23
206.168.173.0/24,4/4/23
64.72.192.0/20,7/5/23
68.170.0.0/20,7/5/23
74.113.96.0/22,7/5/23
107.191.76.0/24,7/5/23
139.64.155.0/24,7/5/23
170.205.0.0/18,7/5/23
192.25.115.0/24,7/5/23
192.58.137.0/24,7/5/23
192.81.122.0/24,7/5/23
192.157.28.0/23,7/5/23
192.163.24.0/22,7/5/23
192.234.31.0/24,7/5/23
198.49.80.0/24,7/5/23
198.101.26.0/23,7/5/23
198.169.172.0/23,7/5/23
199.91.104.0/22,7/5/23
199.119.136.0/21,7/5/23
199.127.152.0/21,7/5/23
199.201.221.0/24,7/5/23
199.204.96.0/22,7/5/23
204.75.11.0/24,7/5/23
204.115.117.0/24,7/5/23
205.207.66.0/24,7/5/23
206.168.142.0/24,7/5/23
206.80.236.0/24,7/5/23
206.81.106.0/24,7/5/23
206.81.107.0/24,7/5/23
206.81.108.0/24,7/5/23
206.168.143.0/24,7/5/23
206.168.205.0/24,7/5/23
206.168.84.0/22,7/5/23
207.174.62.0/24,7/5/23
208.93.120.0/22,7/5/23
216.9.224.0/20,7/5/23
199.189.152.0/21,9/29/23
216.234.140.0/22,9/29/23
74.122.172.0/22,9/29/23
208.90.228.0/22,9/29/23
192.34.36.0/22,9/29/23
208.92.236.0/22,9/29/23
104.156.128.0/22,9/29/23
104.156.136.0/22,9/29/23
45.59.128.0/22,9/29/23
199.192.176.0/22,9/29/23
45.59.140.0/22,9/29/23
45.59.180.0/22,9/29/23
63.133.212.0/22,9/29/23
216.234.134.0/23,9/29/23
216.170.108.0/23,9/29/23
205.167.198.0/23,9/29/23
170.39.49.0/24,9/29/23
192.203.239.0/24,9/29/23
172.98.28.0/24,9/29/23
172.83.83.0/24,9/29/23
104.247.99.0/24,9/29/23
199.127.31.0/24,9/29/23
170.39.228.0/24,9/29/23
198.140.216.0/24,9/29/23
192.40.50.0/24,9/29/23
206.81.108.0/24,9/29/23
141.195.96.0/19,12/19/23
45.45.240.0/20,12/19/23
66.6.48.0/20,12/19/23
45.45.232.0/21,12/19/23
172.81.144.0/21,12/19/23
104.245.240.0/21,12/19/23
74.120.232.0/22,12/19/23
162.222.16.0/22,12/19/23
198.161.132.0/22,12/19/23
104.192.92.0/22,12/19/23
104.254.188.0/22,12/19/23
199.187.224.0/22,12/19/23
104.193.192.0/22,12/19/23
204.62.10.0/23,12/19/23
139.138.52.0/23,12/19/23
192.94.204.0/23,12/19/23
199.26.150.0/24,12/19/23
76.76.12.0/24,12/19/23
199.175.162.0/24,12/19/23
207.189.164.0/24,12/19/23
216.71.121.0/24,12/19/23
199.6.15.0/24,12/19/23
207.229.80.0/24,12/19/23
198.147.147.0/24,12/19/23
204.154.151.0/24,12/19/23
192.80.214.0/24,12/19/23
136.175.104.0/24,12/19/23
206.41.111.0/24,12/19/23
198.160.217.0/24,12/19/23
204.87.173.0/24,12/19/23
205.233.18.0/24,12/19/23
199.26.151.0/24,12/19/23
170.39.229.0/24,12/19/23
199.26.152.0/24,12/19/23
204.153.39.0/24,12/19/23
170.39.49.0/24,12/19/23
172.83.83.0/24,12/19/23
167.253.0.0/17,04/04/24
130.51.64.0/18,04/04/24
209.151.96.0/19,04/04/24
209.135.160.0/19,04/04/24
206.183.128.0/19,04/04/24
207.228.192.0/19,04/04/24
167.253.128.0/19,04/04/24
216.230.176.0/20,04/04/24
69.5.48.0/20,04/04/24
204.235.240.0/20,04/04/24
216.38.224.0/20,04/04/24
68.69.112.0/20,04/04/24
130.51.48.0/20,04/04/24
208.75.128.0/21,04/04/24
169.197.168.0/22,04/04/24
66.59.212.0/22,04/04/24
74.122.36.0/22,04/04/24
141.193.128.0/22,04/04/24
174.136.240.0/22,04/04/24
74.116.156.0/22,04/04/24
207.174.152.0/22,04/04/24
199.96.164.0/22,04/04/24
72.18.64.0/22,04/04/24
208.93.0.0/22,04/04/24
192.94.204.0/23,04/04/24
204.126.106.0/23,04/04/24
192.231.84.0/23,04/04/24
204.115.102.0/23,04/04/24
162.217.56.0/23,04/04/24
198.200.240.0/23,04/04/24
165.140.104.0/23,04/04/24
192.31.182.0/23,04/04/24
204.136.10.0/23,04/04/24
206.41.111.0/24,04/04/24
199.26.150.0/24,04/04/24
199.175.162.0/24,04/04/24
198.160.217.0/24,04/04/24
162.212.35.0/24,04/04/24
198.147.247.0/24,04/04/24
205.209.9.0/24,04/04/24
144.86.175.0/24,04/04/24
192.58.198.0/24,04/04/24
198.62.136.0/24,04/04/24
198.133.160.0/24,04/04/24
206.197.146.0/24,04/04/24
192.231.155.0/24,04/04/24
192.76.133.0/24,04/04/24
204.137.12.0/24,04/04/24
142.202.64.0/24,04/04/24
172.82.70.0/24,04/04/24
198.140.211.0/24,04/04/24
64.49.0.0/18,06/26/24
209.112.64.0/19,06/26/24
64.40.192.0/20,06/26/24
64.89.160.0/20,06/26/24
192.67.32.0/22,06/26/24
208.88.148.0/22,06/26/24
74.80.200.0/22,06/26/24
208.89.72.0/22,06/26/24
162.210.64.0/22,06/26/24
107.182.132.0/22,06/26/24
216.10.64.0/22,06/26/24
198.133.128.0/23,06/26/24
147.160.138.0/23,06/26/24
198.28.130.0/23,06/26/24
204.19.224.0/23,06/26/24
74.80.218.0/23,06/26/24
142.202.95.0/24,06/26/24
142.202.155.0/24,06/26/24
199.248.189.0/24,06/26/24
192.81.108.0/24,06/26/24
198.202.208.0/24,06/26/24
198.17.233.0/24,06/26/24
199.248.241.0/24,06/26/24
216.120.183.0/24,06/26/24
208.52.184.0/24,06/26/24
141.193.243.0/24,06/26/24
204.19.241.0/24,06/26/24
192.34.245.0/24,06/26/24
192.33.168.0/24,06/26/24
192.42.246.0/24,06/26/24
66.187.14.0/24,06/26/24
192.107.244.0/24,06/26/24
199.248.216.0/24,06/26/24
140.235.0.0/16,10/04/24
216.116.136.0/21,10/04/24
167.253.140.0/22,10/04/24
204.11.248.0/22,10/04/24
204.14.204.0/22,10/04/24
64.64.156.0/22,10/04/24
69.5.60.0/22,10/04/24
162.221.36.0/23,10/04/24
155.254.214.0/23,10/04/24
162.221.32.0/23,10/04/24
167.253.124.0/23,10/04/24
192.33.22.0/23,10/04/24
170.39.100.0/24,10/04/24
192.139.37.0/24,10/04/24
192.149.83.0/24,10/04/24
204.52.135.0/24,10/04/24
104.129.156.0/24,10/04/24
134.195.186.0/24,10/04/24
135.84.127.0/24,10/04/24
144.86.175.0/24,10/04/24
167.253.57.0/24,10/04/24
170.39.205.0/24,10/04/24
172.111.26.0/24,10/04/24
192.195.174.0/24,10/04/24
192.251.158.0/24,10/04/24
192.65.138.0/24,10/04/24
198.17.4.0/24,10/04/24
198.200.242.0/24,10/04/24
198.29.255.0/24,10/04/24
199.26.150.0/24,10/04/24
204.225.107.0/24,10/04/24
204.86.194.0/24,10/04/24
208.91.100.0/24,10/04/24
45.41.39.0/24,10/04/24
64.112.65.0/24,10/04/24
74.80.209.0/24,10/04/24
98.158.16.0/20,12/26/24
198.144.16.0/20,12/26/24
199.30.88.0/21,12/26/24
199.30.216.0/21,12/26/24
208.69.72.0/21,12/26/24
162.254.240.0/22,12/26/24
199.250.60.0/22,12/26/24
199.66.84.0/22,12/26/24
216.21.4.0/22,12/26/24
104.153.172.0/22,12/26/24
140.235.176.0/22,12/26/24
162.211.248.0/22,12/26/24
162.252.52.0/22,12/26/24
198.162.88.0/22,12/26/24
199.188.196.0/22,12/26/24
199.204.228.0/22,12/26/24
208.76.216.0/22,12/26/24
208.78.76.0/22,12/26/24
208.85.8.0/22,12/26/24
209.20.144.0/22,12/26/24
216.151.170.0/23,12/26/24
216.151.172.0/23,12/26/24
216.234.130.0/23,12/26/24
148.59.164.0/23,12/26/24
192.68.116.0/23,12/26/24
198.135.169.0/24,12/26/24
198.135.179.0/24,12/26/24
198.135.180.0/24,12/26/24
198.135.185.0/24,12/26/24
216.151.161.0/24,12/26/24
216.151.166.0/24,12/26/24
216.151.175.0/24,12/26/24
216.234.129.0/24,12/26/24
216.234.132.0/24,12/26/24
216.234.136.0/24,12/26/24
107.167.240.0/24,12/26/24
136.175.78.0/24,12/26/24
140.235.186.0/24,12/26/24
140.235.187.0/24,12/26/24
141.193.24.0/24,12/26/24
165.140.52.0/24,12/26/24
167.253.57.0/24,12/26/24
192.133.101.0/24,12/26/24
192.48.230.0/24,12/26/24
192.64.13.0/24,12/26/24
192.70.214.0/24,12/26/24
198.135.153.0/24,12/26/24
198.204.29.0/24,12/26/24
198.252.222.0/24,12/26/24
199.201.225.0/24,12/26/24
199.245.73.0/24,12/26/24
199.36.25.0/24,12/26/24
199.48.60.0/24,12/26/24
199.7.47.0/24,12/26/24
204.75.158.0/24,12/26/24
205.207.133.0/24,12/26/24
216.234.128.0/24,12/26/24
64.68.36.0/24,12/26/24
66.187.14.0/24,12/26/24
74.118.134.0/24,12/26/24
173.214.208.0/20,04/03/25
96.47.160.0/20,04/03/25
199.101.64.0/21,04/03/25
199.7.248.0/21,04/03/25
208.84.96.0/21,04/03/25
69.12.96.0/21,04/03/25
199.59.180.0/22,04/03/25
67.226.212.0/22,04/03/25
104.152.88.0/22,04/03/25
165.140.224.0/22,04/03/25
173.0.4.0/22,04/03/25
192.159.32.0/22,04/03/25
192.84.48.0/22,04/03/25
199.7.148.0/22,04/03/25
205.172.116.0/22,04/03/25
208.66.4.0/22,04/03/25
208.85.164.0/22,04/03/25
23.247.176.0/22,04/03/25
74.113.8.0/22,04/03/25
192.34.16.0/23,04/03/25
192.64.196.0/23,04/03/25
192.75.196.0/23,04/03/25
192.81.180.0/23,04/03/25
198.168.94.0/23,04/03/25
198.187.168.0/23,04/03/25
198.98.22.0/23,04/03/25
74.123.194.0/23,04/03/25
209.127.217.0/24,04/03/25
104.238.196.0/24,04/03/25
131.153.249.0/24,04/03/25
136.175.215.0/24,04/03/25
136.175.240.0/24,04/03/25
139.64.219.0/24,04/03/25
142.202.93.0/24,04/03/25
147.160.5.0/24,04/03/25
158.51.91.0/24,04/03/25
161.199.157.0/24,04/03/25
165.140.55.0/24,04/03/25
172.83.250.0/24,04/03/25
192.100.82.0/24,04/03/25
192.104.3.0/24,04/03/25
192.111.30.0/24,04/03/25
192.159.36.0/24,04/03/25
192.187.138.0/24,04/03/25
192.206.69.0/24,04/03/25
192.5.58.0/24,04/03/25
192.70.214.0/24,04/03/25
198.161.255.0/24,04/03/25
198.187.239.0/24,04/03/25
199.164.247.0/24,04/03/25
199.201.225.0/24,04/03/25
199.246.88.0/24,04/03/25
199.248.239.0/24,04/03/25
204.174.47.0/24,04/03/25
204.187.11.0/24,04/03/25
204.62.159.0/24,04/03/25
204.89.238.0/24,04/03/25
205.166.108.0/24,04/03/25
205.166.123.0/24,04/03/25
205.210.0.0/24,04/03/25
206.166.201.0/24,04/03/25
208.52.149.0/24,04/03/25
208.83.37.0/24,04/03/25
216.238.32.0/19,07/02/25
69.194.144.0/20,07/02/25
209.205.224.0/20,07/02/25
209.163.120.0/21,07/02/25
74.118.224.0/21,07/02/25
204.48.112.0/21,07/02/25
206.72.216.0/21,07/02/25
216.180.120.0/21,07/02/25
199.47.144.0/22,07/02/25
199.182.96.0/22,07/02/25
209.209.120.0/22,07/02/25
136.175.80.0/22,07/02/25
206.55.164.0/22,07/02/25
204.77.128.0/22,07/02/25
207.174.132.0/22,07/02/25
208.83.52.0/22,07/02/25
172.83.252.0/22,07/02/25
205.153.228.0/23,07/02/25
198.46.10.0/23,07/02/25
198.153.58.0/23,07/02/25
204.126.254.0/23,07/02/25
192.81.180.0/23,07/02/25
192.77.0.0/24,07/02/25
192.234.40.0/24,07/02/25
104.192.72.0/24,07/02/25
204.107.230.0/24,07/02/25
209.59.254.0/24,07/02/25
198.178.255.0/24,07/02/25
198.190.246.0/24,07/02/25
172.82.107.0/24,07/02/25
209.87.171.0/24,07/02/25
192.104.136.0/24,07/02/25
204.128.249.0/24,07/02/25
104.194.15.0/24,07/02/25
204.174.37.0/24,07/02/25
192.58.96.0/24,07/02/25
66.118.254.0/24,07/02/25
45.45.195.0/24,07/02/25
104.156.154.0/24,07/02/25
192.219.29.0/24,07/02/25
134.195.61.0/24,07/02/25
172.87.231.0/24,07/02/25
161.199.247.0/24,07/02/25
205.166.162.0/24,07/02/25
207.174.203.0/24,07/02/25
192.111.255.0/24,07/02/25
198.202.146.0/24,07/02/25
64.66.45.0/24,07/02/25
199.245.97.0/24,07/02/25
205.210.70.0/24,07/02/25
206.168.186.0/24,07/02/25
205.153.230.0/24,07/02/25
192.58.214.0/24,07/02/25
199.248.239.0/24,07/02/25
147.160.5.0/24,07/02/25
192.100.5.0/24,07/02/25
192.101.177.0/24,07/02/25
192.107.49.0/24,07/02/25
192.160.34.0/24,07/02/25
199.26.176.0/24,07/02/25
199.74.235.0/24,07/02/25
198.23.26.0/24,07/02/25