batch_date,size,filled,wait_median_months,wait_p25_months,wait_p75_months,wait_min_months,wait_max_months
2023-09-29,22,13,15.0,14.9,15.0,14.7,15.2
2023-09-29,23,4,15.0,15.0,15.0,14.9,15.1
2023-09-29,24,12,14.6,14.5,14.7,14.3,15.0
2023-12-19,22,30,16.9,16.7,17.0,16.3,17.4
2023-12-19,23,3,16.7,16.6,16.8,16.5,16.9
2023-12-19,24,20,16.8,16.5,17.0,16.2,17.0
2024-04-04,22,104,18.2,17.3,19.0,15.9,20.0
2024-04-04,23,19,18.0,17.3,18.9,15.9,20.0
2024-04-04,24,80,17.9,16.6,18.6,15.8,19.8
2024-06-26,22,41,17.7,17.2,18.3,16.8,20.7
2024-06-26,23,6,18.1,17.3,18.5,16.8,20.7
2024-06-26,24,26,17.6,17.2,17.9,16.8,21.8
2024-10-04,22,62,18.9,18.4,19.4,17.8,20.1
2024-10-04,23,14,19.0,18.2,19.6,17.8,20.0
2024-10-04,24,42,19.2,18.6,19.8,17.7,20.1
2024-12-26,22,29,20.0,19.6,20.4,19.3,20.5
2024-12-26,23,5,19.7,19.5,19.8,19.5,20.0
2024-12-26,24,35,19.5,19.1,19.7,18.8,20.3
2025-04-03,22,39,21.1,20.7,21.9,20.2,22.5
2025-04-03,23,10,21.0,20.6,21.7,20.0,22.5
2025-04-03,24,42,20.9,20.3,21.2,19.6,22.0
2025-07-02,22,32,21.9,21.2,22.7,20.9,23.0
2025-07-02,23,11,21.4,21.3,22.0,20.4,22.7
2025-07-02,24,40,21.1,20.1,21.9,19.5,22.6
2025-10-10,22,278,15.1,12.0,19.6,8.7,25.1
2025-10-10,23,49,15.7,11.2,18.9,8.8,22.5
2025-10-10,24,263,14.9,12.2,17.9,8.7,22.6
2026-01-13,22,64,10.6,9.9,11.4,9.0,16.0
2026-01-13,23,12,10.6,9.8,11.1,9.4,31.0
2026-01-13,24,74,10.4,9.8,11.4,9.0,17.0
2026-04-03,22,31,10.9,10.4,11.2,10.0,13.3
2026-04-03,23,5,10.9,10.9,11.2,10.7,11.4
2026-04-03,24,33,11.0,10.6,11.3,10.0,18.9
2026-07-02,22,83,10.1,9.1,11.8,8.5,12.9
2026-07-02,23,16,10.6,9.3,10.9,8.5,12.0
2026-07-02,24,173,8.2,6.2,10.4,4.1,12.9
