quarter,blocks_issued,eq24_total,eq24_from_24,eq24_from_23,eq24_from_22,eq24_from_larger
2020Q1,58,299,19,16,72,192
2020Q2,37,598,16,6,64,512
2020Q3,0,0,0,0,0,0
2020Q4,0,0,0,0,0,0
2021Q1,22,440,6,6,20,408
2021Q2,10,736,0,0,0,736
2021Q3,0,0,0,0,0,0
2021Q4,47,801,25,4,28,744
2022Q1,39,426,12,14,32,368
2022Q2,65,222,36,18,56,112
2022Q3,36,86,24,2,36,24
2022Q4,53,335,25,22,32,256
2023Q1,0,0,0,0,0,0
2023Q2,65,342,18,24,68,232
2023Q3,60,249,29,12,72,136
2023Q4,37,143,21,6,28,88
2024Q1,0,0,0,0,0,0
2024Q2,84,715,35,28,68,584
2024Q3,0,0,0,0,0,0
2024Q4,96,479,59,20,80,320
2025Q1,0,0,0,0,0,0
2025Q2,63,168,36,16,52,64
2025Q3,62,190,40,10,36,104
2025Q4,128,1471,59,32,124,1256
2026Q1,59,412,36,8,48,320
2026Q2,40,165,29,4,20,112
2026Q3,199,557,177,12,32,336
