timestamp,total_requests,requests_22,requests_23,requests_24,added_22,added_23,added_24,added_total,removed_22,removed_23,removed_24,removed_total,net_change,flexible_requests,exact_requests,avg_flexibility,age_0_3mo_22,age_0_3mo_23,age_0_3mo_24,age_3_6mo_22,age_3_6mo_23,age_3_6mo_24,age_6_12mo_22,age_6_12mo_23,age_6_12mo_24,age_12_24mo_22,age_12_24mo_23,age_12_24mo_24,age_24plus_22,age_24plus_23,age_24plus_24,queue_24eq,supply_24eq_per_quarter,estimated_wait_months_22,estimated_wait_p25_months_22,estimated_wait_p75_months_22,estimated_wait_months_23,estimated_wait_p25_months_23,estimated_wait_p75_months_23,estimated_wait_months_24,estimated_wait_p25_months_24,estimated_wait_p75_months_24,last_fill_date_22,last_fill_date_23,last_fill_date_24,last_fill_wait_months_22,last_fill_wait_months_23,last_fill_wait_months_24
2023-09-07T13:56:45.000Z,697,349,67,281,349,67,281,697,0,0,0,0,697,24,673,0.05,50,12,61,74,15,57,155,28,115,70,12,48,0,0,0,1811,298.6,17.3,14.4,20.4,17.3,14.4,20.4,17.3,14.4,20.4,,,,,,
2024-06-05T03:58:15.000Z,705,340,72,293,147,33,134,314,156,28,122,306,8,18,687,0.04,53,13,52,44,9,44,100,24,93,143,26,104,0,0,0,1797,210.9,17.8,16.0,22.0,17.8,16.0,22.0,17.8,16.0,22.0,2024-04-04,2024-04-04,2024-04-04,15.9,15.9,15.8
2024-10-01T15:13:41.000Z,824,376,78,370,81,12,107,200,45,6,30,81,119,15,809,0.03,71,6,88,52,15,60,92,17,82,161,40,140,0,0,0,2030,223.0,20.2,18.0,24.0,20.2,18.0,24.0,20.2,18.0,24.0,2024-06-26,2024-06-26,2024-06-26,16.8,16.8,16.8
2025-05-11T09:07:26.000Z,893,400,79,414,161,33,173,367,137,32,129,298,69,22,871,0.04,63,14,78,68,13,57,121,19,157,148,33,122,0,0,0,2172,219.2,23.6,19.7,28.7,23.6,19.7,28.7,23.6,19.7,28.7,2025-04-03,2025-04-03,2025-04-03,20.2,20.0,19.6
2025-09-20T20:50:41.000Z,963,444,80,439,81,13,74,168,37,12,49,98,70,27,936,0.04,58,12,51,55,9,61,135,25,132,194,33,195,2,1,0,2375,211.9,24.6,21.3,30.3,24.6,21.3,30.3,24.3,21.3,28.8,2025-07-02,2025-07-02,2025-07-02,20.9,20.4,19.5
2025-09-24T02:30:10.000Z,968,446,81,441,2,1,3,6,0,0,1,1,5,27,941,0.04,58,13,54,57,9,58,132,25,133,197,33,196,2,1,0,2387,211.9,24.5,21.2,30.2,24.5,21.2,30.2,24.5,21.2,30.2,2025-07-02,2025-07-02,2025-07-02,20.9,20.4,19.5
2025-10-01T02:34:29.000Z,954,427,80,447,4,0,9,13,23,1,3,27,-14,27,927,0.04,57,13,59,57,7,58,135,26,134,178,33,196,0,1,0,2315,211.9,27.0,24.0,31.5,27.0,24.0,31.5,26.7,24.0,30.0,2025-10-01,2025-07-02,2025-10-01,22.5,20.4,22.4
2025-10-08T02:29:39.000Z,712,324,55,333,5,0,4,9,108,25,118,251,-242,22,690,0.05,55,12,61,61,6,55,133,27,132,75,9,85,0,1,0,1739,211.9,21.3,18.0,24.0,20.5,18.0,24.0,20.3,18.0,24.0,2025-10-08,2025-10-08,2025-10-08,15.5,15.7,15.5
2025-10-15T02:32:46.000Z,428,197,34,197,21,3,9,33,148,24,145,317,-284,10,418,0.03,74,15,64,57,6,55,64,12,72,2,0,6,0,1,0,1053,377.9,11.8,8.8,14.8,11.8,8.8,14.8,11.8,8.8,14.8,2025-10-10,2025-10-10,2025-10-10,8.7,8.8,8.7
2025-10-22T02:34:02.000Z,447,210,35,202,14,1,5,20,1,0,0,1,19,11,436,0.03,85,15,65,55,6,54,68,13,77,2,0,6,0,1,0,1112,377.9,12.4,8.6,17.6,12.1,8.6,15.4,11.9,8.6,14.6,2025-10-10,2025-10-10,2025-10-10,8.7,8.8,8.7
2025-10-27T02:50:54.000Z,455,216,35,204,6,0,4,10,0,0,2,2,8,12,443,0.04,86,14,65,55,6,50,73,14,83,2,0,6,0,1,0,1138,377.9,12.2,8.4,17.4,12.2,8.4,17.4,11.9,8.4,15.2,2025-10-10,2025-10-10,2025-10-10,8.7,8.8,8.7
2025-10-29T02:35:36.000Z,460,217,35,208,1,0,4,5,0,0,0,0,5,13,447,0.04,86,14,69,56,6,48,73,14,85,2,0,6,0,1,0,1146,377.9,12.4,8.4,17.4,12.1,8.4,17.4,12.1,8.4,17.4,2025-10-10,2025-10-10,2025-10-10,8.7,8.8,8.7
2025-11-05T02:34:36.000Z,476,226,35,215,9,0,7,16,0,0,0,0,16,13,463,0.04,92,11,71,53,8,47,79,15,90,2,0,7,0,1,0,1189,377.9,12.9,8.1,17.1,12.6,8.1,17.1,12.6,8.1,17.1,2025-10-10,2025-10-10,2025-10-10,8.7,8.8,8.7
2025-11-12T02:34:36.000Z,487,231,35,221,5,0,6,11,0,0,0,0,11,13,474,0.03,90,9,74,56,8,46,83,17,93,2,0,8,0,1,0,1215,377.9,13.2,10.2,16.9,13.2,10.2,16.9,13.2,10.2,16.9,2025-10-10,2025-10-10,2025-10-10,8.7,8.8,8.7
2025-11-19T02:34:45.000Z,497,234,36,227,5,1,6,12,2,0,0,2,10,13,484,0.03,87,9,75,60,9,48,85,17,96,2,0,8,0,1,0,1235,377.9,13.3,10.7,16.7,13.3,10.7,16.7,13.3,10.7,16.7,2025-10-10,2025-10-10,2025-10-10,8.7,8.8,8.7
2025-11-26T02:35:34.000Z,512,242,39,231,8,3,4,15,0,0,0,0,15,14,498,0.04,93,12,71,59,9,55,88,17,97,2,0,8,0,1,0,1277,377.9,13.1,10.5,16.5,13.1,10.5,16.5,13.1,10.5,16.5,2025-10-10,2025-10-10,2025-10-10,8.7,8.8,8.7
2025-12-03T02:35:54.000Z,517,244,39,234,3,0,4,7,1,0,1,2,5,14,503,0.03,93,10,73,56,11,52,93,17,101,2,0,8,0,1,0,1288,377.9,12.8,10.2,16.2,12.8,10.2,16.2,12.8,10.2,16.2,2025-10-10,2025-10-10,2025-10-10,8.7,8.8,8.7
2025-12-10T02:37:33.000Z,524,248,40,236,4,1,3,8,0,0,1,1,7,15,509,0.04,91,11,76,55,11,43,100,17,109,2,0,8,0,1,0,1308,377.9,12.6,10.0,16.0,12.6,10.0,16.0,12.6,10.0,16.0,2025-10-10,2025-10-10,2025-10-10,8.7,8.8,8.7
2025-12-17T02:36:40.000Z,537,252,39,246,4,0,10,14,0,1,0,1,13,15,522,0.04,94,11,82,54,11,44,101,16,112,3,0,8,0,1,0,1332,377.9,12.4,9.8,15.8,12.4,9.8,15.8,12.4,9.8,15.8,2025-10-10,2025-10-10,2025-10-10,8.7,8.8,8.7
2025-12-24T02:37:42.000Z,545,256,40,249,7,1,5,13,3,0,2,5,8,15,530,0.03,91,11,78,57,12,48,105,16,115,3,0,8,0,1,0,1353,377.9,12.8,9.5,15.5,12.5,9.5,15.5,12.5,9.5,15.5,2025-10-10,2025-10-10,2025-10-10,8.7,8.8,8.7
2025-12-31T02:39:44.000Z,551,259,40,252,3,0,4,7,0,0,1,1,6,15,536,0.03,89,10,74,57,13,52,110,16,118,3,0,8,0,1,0,1368,377.9,12.6,9.3,15.3,12.3,9.3,15.3,12.3,9.3,15.3,2025-10-10,2025-10-10,2025-10-10,8.7,8.8,8.7
2026-01-07T02:42:05.000Z,563,264,42,257,5,2,5,12,0,0,0,0,12,15,548,0.03,91,12,73,53,12,57,117,17,119,3,0,8,0,1,0,1397,377.9,12.6,9.1,15.1,12.6,9.1,15.1,12.6,9.1,15.1,2025-10-10,2025-10-10,2025-10-10,8.7,8.8,8.7
2026-01-14T02:46:02.000Z,427,211,31,185,11,1,2,14,64,12,74,150,-136,12,415,0.03,85,11,70,68,14,57,58,6,54,0,0,4,0,0,0,1091,429.4,12.3,9.0,15.0,12.3,9.0,15.0,12.3,9.0,15.0,2026-01-13,2026-01-13,2026-01-13,9.0,9.4,9.0
2026-01-21T02:42:40.000Z,443,221,32,190,11,1,7,19,1,0,2,3,16,12,431,0.03,82,10,69,78,15,59,61,7,58,0,0,4,0,0,0,1138,429.4,12.3,8.7,17.7,12.3,8.7,17.7,12.3,8.7,17.7,2026-01-13,2026-01-13,2026-01-13,9.0,9.4,9.0
2026-01-28T02:44:36.000Z,456,230,32,194,9,0,4,13,0,0,0,0,13,12,444,0.03,82,10,69,82,14,61,66,8,60,0,0,4,0,0,0,1178,429.4,13.1,8.5,17.5,12.1,8.5,17.5,12.1,8.5,17.5,2026-01-13,2026-01-13,2026-01-13,9.0,9.4,9.0
2026-02-04T02:59:08.000Z,476,238,35,203,8,3,9,20,0,0,0,0,20,13,463,0.03,82,13,67,87,11,67,69,11,65,0,0,4,0,0,0,1225,429.4,13.6,11.3,17.3,13.3,8.3,17.3,13.3,8.3,17.3,2026-01-13,2026-01-13,2026-01-13,9.0,9.4,9.0
2026-02-11T03:04:42.000Z,485,241,37,207,4,2,4,10,1,0,0,1,9,12,473,0.03,80,15,65,85,9,71,76,13,67,0,0,4,0,0,0,1245,429.4,13.4,11.0,17.0,13.4,11.0,17.0,13.4,11.0,17.0,2026-01-13,2026-01-13,2026-01-13,9.0,9.4,9.0
2026-02-18T03:03:23.000Z,497,249,37,211,8,0,6,14,0,0,2,2,12,12,485,0.03,85,14,67,82,9,69,82,14,71,0,0,4,0,0,0,1281,429.4,13.2,10.8,16.8,13.2,10.8,16.8,13.2,10.8,16.8,2026-01-13,2026-01-13,2026-01-13,9.0,9.4,9.0
2026-02-25T03:02:26.000Z,511,256,39,216,7,2,6,15,0,0,1,1,14,13,498,0.03,83,13,65,89,12,68,83,14,79,1,0,4,0,0,0,1318,429.4,13.3,10.6,16.6,13.3,10.6,16.6,13.3,10.6,16.6,2026-01-13,2026-01-13,2026-01-13,9.0,9.4,9.0
2026-03-04T02:57:19.000Z,526,263,41,222,7,2,8,17,0,0,2,2,15,14,512,0.04,88,15,69,89,10,68,85,16,81,1,0,4,0,0,0,1356,429.4,13.7,10.4,16.4,13.7,10.4,16.4,13.5,10.4,16.4,2026-01-13,2026-01-13,2026-01-13,9.0,9.4,9.0
2026-03-11T03:01:07.000Z,537,267,43,227,4,2,5,11,0,0,0,0,11,15,522,0.04,88,16,70,87,11,72,91,16,81,1,0,4,0,0,0,1381,429.4,13.7,10.1,16.1,13.7,10.1,16.1,13.2,10.1,16.1,2026-01-13,2026-01-13,2026-01-13,9.0,9.4,9.0
2026-03-18T03:04:33.000Z,555,274,44,237,7,1,10,18,0,0,0,0,18,15,540,0.04,91,17,77,90,11,71,92,16,85,1,0,4,0,0,0,1421,429.4,13.6,9.9,15.9,13.6,9.9,15.9,13.6,9.9,15.9,2026-01-13,2026-01-13,2026-01-13,9.0,9.4,9.0
2026-03-25T03:03:50.000Z,568,280,44,244,6,0,8,14,0,0,1,1,13,16,552,0.04,90,16,76,90,11,71,98,17,93,2,0,4,0,0,0,1452,429.4,14.1,9.7,18.7,14.1,9.7,18.7,13.9,9.7,18.7,2026-01-13,2026-01-13,2026-01-13,9.0,9.4,9.0
2026-04-01T03:05:49.000Z,575,286,45,244,6,1,3,10,0,0,3,3,7,16,559,0.04,93,17,74,88,10,69,103,18,100,2,0,1,0,0,0,1478,429.4,14.0,9.4,18.4,14.0,9.4,18.4,13.9,9.4,18.4,2026-01-13,2026-01-13,2026-01-13,9.0,9.4,9.0
2026-04-08T03:05:41.000Z,515,258,39,218,3,0,9,12,31,6,35,72,-60,14,501,0.04,90,15,79,91,11,65,76,13,74,1,0,0,0,0,0,1328,360.6,14.5,11.8,17.8,14.5,11.8,17.8,14.5,11.8,17.8,2026-04-03,2026-04-03,2026-04-03,10.0,10.7,10.0
2026-04-15T03:06:03.000Z,529,264,40,225,6,1,7,14,0,0,0,0,14,14,515,0.04,88,14,83,82,11,63,93,15,79,1,0,0,0,0,0,1361,360.6,14.8,11.6,17.6,14.6,11.6,17.6,14.6,11.6,17.6,2026-04-03,2026-04-03,2026-04-03,10.0,10.7,10.0
2026-05-01T03:10:05.000Z,567,275,44,248,11,5,25,41,0,1,2,3,38,15,552,0.04,76,18,94,79,9,61,119,17,93,1,0,0,0,0,0,1436,360.6,14.7,11.1,17.1,14.7,11.1,17.1,14.7,11.1,17.1,2026-04-03,2026-04-03,2026-04-03,10.0,10.7,10.0
2026-05-15T03:10:54.000Z,583,280,44,259,7,0,13,20,2,0,2,4,16,14,569,0.03,68,13,93,82,14,62,130,17,104,0,0,0,0,0,0,1467,360.6,14.9,10.6,19.6,14.9,10.6,19.6,14.9,10.6,19.6,2026-04-03,2026-04-03,2026-04-03,10.0,10.7,10.0
2026-06-01T03:12:51.000Z,607,287,45,275,7,2,17,26,0,1,1,2,24,14,593,0.03,59,12,97,85,12,63,143,21,115,0,0,0,0,0,0,1513,360.6,15.0,10.8,19.1,15.0,10.8,19.1,15.0,10.8,19.1,2026-04-03,2026-04-03,2026-04-03,10.0,10.7,10.0
2026-06-15T03:13:31.000Z,624,295,46,283,8,1,9,18,0,0,1,1,17,14,610,0.03,56,10,93,88,14,70,143,22,111,8,0,9,0,0,0,1555,360.6,15.1,12.6,18.6,14.9,12.6,18.6,14.9,12.6,18.6,2026-04-03,2026-04-03,2026-04-03,10.0,10.7,10.0
2026-07-02T16:46:07.000Z,407,217,31,159,9,3,16,28,87,18,140,245,-217,6,401,0.02,50,12,93,90,14,63,76,5,3,1,0,0,0,0,0,1089,430.2,12.3,9.0,15.0,12.3,9.0,15.0,11.8,9.0,15.0,2026-07-02,2026-07-02,2026-07-02,8.5,8.5,5.6
2026-07-15T03:02:15.000Z,395,227,32,136,13,1,11,25,3,0,34,37,-12,4,391,0.01,53,13,92,85,12,42,88,7,2,1,0,0,0,0,0,1108,430.2,12.1,8.6,16.1,11.9,8.6,14.6,11.3,8.6,14.6,2026-07-02,2026-07-02,2026-07-02,8.5,8.5,4.1
2026-08-01T03:02:44.000Z,429,240,33,156,14,2,21,37,1,1,1,3,34,4,425,0.01,58,9,86,69,14,68,110,10,2,3,0,0,0,0,0,1182,430.2,12.5,8.0,17.0,11.8,8.0,15.5,11.2,8.0,15.5,2026-07-02,2026-07-02,2026-07-02,8.5,8.5,4.1
2026-08-15T02:22:27.000Z,458,249,36,173,9,3,18,30,0,0,1,1,29,6,452,0.02,60,12,91,62,11,80,117,13,2,10,0,0,0,0,0,1241,430.2,12.8,10.6,16.6,12.4,9.1,16.6,11.9,7.6,16.6,2026-07-02,2026-07-02,2026-07-02,8.5,8.5,4.1
2026-09-01T07:05:15.000Z,481,257,39,185,8,3,14,25,0,0,2,2,23,6,475,0.01,61,13,86,56,11,95,129,15,4,11,0,0,0,0,0,1291,430.2,12.2,10.0,16.0,12.2,10.0,16.0,11.8,7.0,16.0,2026-07-02,2026-07-02,2026-07-02,8.5,8.5,4.1
2026-09-15T07:03:38.000Z,492,266,40,186,9,1,3,13,0,0,2,2,11,6,486,0.01,62,13,79,53,9,90,140,18,17,11,0,0,0,0,0,1330,430.2,11.7,9.5,15.5,11.7,9.5,15.5,11.3,6.5,15.5,2026-07-02,2026-07-02,2026-07-02,8.5,8.5,4.1
2026-10-01T08:08:44.000Z,520,280,41,199,15,1,14,30,1,0,1,2,28,6,514,0.01,68,11,78,48,11,91,153,19,30,11,0,0,0,0,0,1401,430.2,12.1,9.0,15.0,12.0,9.0,15.0,11.4,6.0,15.0,2026-07-02,2026-07-02,2026-07-02,8.5,8.5,4.1
